-- --------------------------------------------------------
-- Host:                         127.0.0.1
-- Server version:               10.4.32-MariaDB - mariadb.org binary distribution
-- Server OS:                    Win64
-- HeidiSQL Version:             12.11.0.7065
-- --------------------------------------------------------

/*!40101 SET @OLD_CHARACTER_SET_CLIENT=@@CHARACTER_SET_CLIENT */;
/*!40101 SET NAMES utf8 */;
/*!50503 SET NAMES utf8mb4 */;
/*!40103 SET @OLD_TIME_ZONE=@@TIME_ZONE */;
/*!40103 SET TIME_ZONE='+00:00' */;
/*!40014 SET @OLD_FOREIGN_KEY_CHECKS=@@FOREIGN_KEY_CHECKS, FOREIGN_KEY_CHECKS=0 */;
/*!40101 SET @OLD_SQL_MODE=@@SQL_MODE, SQL_MODE='NO_AUTO_VALUE_ON_ZERO' */;
/*!40111 SET @OLD_SQL_NOTES=@@SQL_NOTES, SQL_NOTES=0 */;


-- Dumping database structure for database_agro_shop
CREATE DATABASE IF NOT EXISTS `database_agro_shop` /*!40100 DEFAULT CHARACTER SET utf8 COLLATE utf8_unicode_ci */;
USE `database_agro_shop`;

-- Dumping structure for table database_agro_shop.cart
CREATE TABLE IF NOT EXISTS `cart` (
  `cart_id` int(20) unsigned NOT NULL AUTO_INCREMENT,
  `created_at` datetime NOT NULL DEFAULT current_timestamp(),
  `user_id` int(10) unsigned NOT NULL,
  PRIMARY KEY (`cart_id`),
  KEY `fk_cart_user_id` (`user_id`),
  CONSTRAINT `fk_cart_user_id` FOREIGN KEY (`user_id`) REFERENCES `user` (`user_id`) ON UPDATE CASCADE
) ENGINE=InnoDB DEFAULT CHARSET=utf8 COLLATE=utf8_unicode_ci;

-- Dumping data for table database_agro_shop.cart: ~0 rows (approximately)

-- Dumping structure for table database_agro_shop.cart_item
CREATE TABLE IF NOT EXISTS `cart_item` (
  `cart_item_id` int(20) unsigned NOT NULL AUTO_INCREMENT,
  `cart_id` int(20) unsigned NOT NULL,
  `unit_id` int(20) unsigned NOT NULL,
  PRIMARY KEY (`cart_item_id`),
  KEY `fk_cart_item_cart_id` (`cart_id`),
  KEY `fk_cart_item_unit_id` (`unit_id`),
  CONSTRAINT `fk_cart_item_cart_id` FOREIGN KEY (`cart_id`) REFERENCES `cart` (`cart_id`) ON UPDATE CASCADE,
  CONSTRAINT `fk_cart_item_unit_id` FOREIGN KEY (`unit_id`) REFERENCES `unit` (`unit_id`) ON UPDATE CASCADE
) ENGINE=InnoDB DEFAULT CHARSET=utf8 COLLATE=utf8_unicode_ci;

-- Dumping data for table database_agro_shop.cart_item: ~0 rows (approximately)

-- Dumping structure for table database_agro_shop.category
CREATE TABLE IF NOT EXISTS `category` (
  `category_id` int(20) unsigned NOT NULL AUTO_INCREMENT,
  `category_name` varchar(100) NOT NULL,
  `description` text NOT NULL,
  `picture` varchar(255) NOT NULL,
  `category_type` enum('Vehicle','Machine') NOT NULL,
  PRIMARY KEY (`category_id`)
) ENGINE=InnoDB AUTO_INCREMENT=24 DEFAULT CHARSET=utf8 COLLATE=utf8_unicode_ci;

-- Dumping data for table database_agro_shop.category: ~21 rows (approximately)
INSERT INTO `category` (`category_id`, `category_name`, `description`, `picture`, `category_type`) VALUES
	(1, 'Tractors', 'Tractors', '/images/categories/tractors.jpg', 'Vehicle'),
	(2, 'Grain harvesters', 'Harvesters for harvesting wheat, corn, sunflower, soya, canola', '/images/categories/grain_harvesters.jpg', 'Vehicle'),
	(3, 'Forage harvesters', 'Harvesters for silage making', '/images/categories/silage_harvesters.jpg', 'Vehicle'),
	(4, 'Trailers', 'Trailers for transporting', '/images/categories/trailers.jpg', 'Machine'),
	(5, 'Grain headers', 'Headers for harvesting wheat, soya, canola', '/images/categories/grain_headers.jpg', 'Machine'),
	(6, 'Corn headers', 'Headers for harvesting corn, sunflower', '/images/categories/corn_headers.jpg', 'Machine'),
	(7, 'Plows', 'Machines for primary tillage and soil turning', '/images/categories/plows.jpg', 'Machine'),
	(8, 'Disc harrows', 'Machines for soil cultivation and preperation', '/images/categories/disc_harrows.jpg', 'Machine'),
	(9, 'Cultivators', 'Machines for soil loosing and weed control', '/images/categories/cultivators.jpg', 'Machine'),
	(10, 'Subsoilers', 'Machines for deep soil loosening and drainage improvement', '/images/categories/subsoilers.jpg', 'Machine'),
	(11, 'Seeders', 'Machines for seeding wheat, corn, sunflower,soya, canola', '/images/categories/seeders.jpg', 'Machine'),
	(12, 'Sprayers', 'Machines for spraying chemicals against weeds, pests and diseases ', '/images/categories/sprayers.jpg', 'Machine'),
	(13, 'Fertiilizer spreaders', 'Machines for spreading artificial fertilizer on agricultural fields', '/images/categories/fertilizer_spreaders.jpg', 'Machine'),
	(14, 'Manure spreaders', 'Machines for spreading manure fertilizer on agricultural fields', '/images/categories/manure_spreaders.jpg', 'Machine'),
	(15, 'Slurry tanks', 'Machines for spreading liquid fertilizer on agricultural fields', '/images/categories/slurry_tanks.jpg', 'Machine'),
	(16, 'Mowers', 'Machines for mowing grass', '/images/categories/mowers.jpg', 'Machine'),
	(17, 'Tedders', 'Machines for spreading and aerating cut grass for faster drying', '/images/categories/tedders.jpg', 'Machine'),
	(18, 'Windrowers', 'Machines for raking and collecting cut grass into rows', '/images/categories/windrowers.jpg', 'Machine'),
	(19, 'Square balers', 'Machines for making square bales', '/images/categories/square_balers.jpg', 'Machine'),
	(20, 'Round balers', 'Machines for making round bales', '/images/categories/round_balers.jpg', 'Machine'),
	(21, 'Header trailers', 'Trailers for transporting headers', '/images/categories/header_trailers.jpg', 'Machine');

-- Dumping structure for table database_agro_shop.machine
CREATE TABLE IF NOT EXISTS `machine` (
  `machine_id` int(20) unsigned NOT NULL AUTO_INCREMENT,
  `name` varchar(50) NOT NULL,
  `description` text NOT NULL,
  `price` decimal(10,2) unsigned NOT NULL,
  `release_year` int(4) NOT NULL,
  `icon_path` varchar(255) NOT NULL,
  `category_id` int(20) unsigned NOT NULL,
  `manufacturer_id` int(20) unsigned NOT NULL,
  PRIMARY KEY (`machine_id`),
  KEY `fk_machine_category_id` (`category_id`),
  KEY `fk_machine_manufacturer_id` (`manufacturer_id`),
  CONSTRAINT `fk_machine_category_id` FOREIGN KEY (`category_id`) REFERENCES `category` (`category_id`) ON UPDATE CASCADE,
  CONSTRAINT `fk_machine_manufacturer_id` FOREIGN KEY (`manufacturer_id`) REFERENCES `manufacturer` (`manufacturer_id`) ON UPDATE CASCADE
) ENGINE=InnoDB AUTO_INCREMENT=64 DEFAULT CHARSET=utf8 COLLATE=utf8_unicode_ci;

-- Dumping data for table database_agro_shop.machine: ~63 rows (approximately)
INSERT INTO `machine` (`machine_id`, `name`, `description`, `price`, `release_year`, `icon_path`, `category_id`, `manufacturer_id`) VALUES
	(1, 'Massey Ferguson 9S.370', 'High-horsepower row-crop tractor producing 370 hp, part of the 9S series. Features the Dyna-VT continuously variable transmission, a 9.0L AGCO Power engine, and the MF-Guide auto-steering system. Designed for heavy draft work and large-scale arable farming. Equipped with an 8-post cab with 360° visibility and Datatronic 5 terminal.', 300000.00, 2025, '/images/machine_icon/massey_ferguson_9s.370.jpg', 1, 33),
	(2, 'Fendt Favorit 716 Vario', '156 hp tractor from the Favorit series, one of the first tractors to feature the Fendt Vario CVT (continuously variable transmission) as standard. Powered by a 6-cylinder MAN engine. Known for fuel efficiency and smooth power delivery. A landmark model in European precision agriculture from the early 2000s.', 35000.00, 2002, '/images/machine_icon/fendt_favorit_716_vario.jpg', 1, 13),
	(3, 'John Deere 8R 340', '340 hp articulated row-crop tractor with John Deere e23 PowerShift transmission or optional AutoPowr IVT. Features CommandView III cab with CommandCenter display. Powered by a 9.0L John Deere PowerTech PSS engine meeting Tier 4 Final emissions. Suitable for large-scale tillage, planting, and transport operations.', 260000.00, 2020, '/images/machine_icon/john_deere_8r_340.jpg', 1, 22),
	(4, 'Case IH Axial-Flow 7250 HC', 'Large rotary combine harvester with a 575 hp FPT engine and dual-rotor axial-flow threshing and separation system. The HC (High Capacity) variant offers enhanced throughput for high-yield crops. Features AFS Connect precision farming system and Automatic Header Control. Grain tank capacity of 14,200 liters.', 450000.00, 2022, '/images/machine_icon/case_ih_axial_flow_7250_hc.jpg', 2, 9),
	(5, 'Claas Lexion 660', 'High-performance hybrid combine with CLAAS APS (Accelerated Pre-Separation) threshing drum paired with two ROTO PLUS separation rotors. Powered by a Mercedes-Benz engine producing around 490 hp. Features CEMOS automatic crop management system and a 12,000-liter grain tank. Strong in European wheat and rapeseed conditions.', 215000.00, 2017, '/images/machine_icon/claas_lexion_660.jpg', 2, 11),
	(6, 'Massey Ferguson MF 7380', 'Mid-to-large class combine harvester with a rotary separation system and a Tier 4i-compliant AGCO Power engine around 380 hp. Features DataVision II control system, automated grain loss monitoring, and a comfortable cab with Advanced Feederhouse control. Suitable for cereals, rapeseed, and corn.', 155000.00, 2015, '/images/machine_icon/massey_ferguson_mf_7380.jpg', 2, 33),
	(7, 'Krone Big X 630', 'Self-propelled forage harvester with a 630 hp V8 Mercedes-Benz engine. Features the Krone XDisc 630 cutterhead with 40 blades and Shear Bar automatic adjustment. Equipped with EasyFlow crop flow optimization and KRONE SmartConnect telematics. Crop-to-crop chop length adjustment via touchscreen. High-output machine for large silage operations.', 460000.00, 2022, '/images/machine_icon/krone_big_x_630.jpg', 3, 27),
	(8, 'Krone Big X 600', 'Self-propelled forage harvester producing 598 hp from a Mercedes-Benz OM 502 LA V8 engine. Earlier generation Big X with proven reliability. Features precision chop system, metal detection, and high-capacity crop flow. Suitable for grass silage, whole-plant corn, and cereal crops.', 90000.00, 2014, '/images/machine_icon/krone_big_x_600.jpg', 3, 27),
	(9, 'Krone Big X V12', 'Early-generation self-propelled forage harvester powered by a V12 Mercedes-Benz engine (approx. 700+ hp at peak). Pioneering model in high-horsepower forage harvesting. Known for exceptional throughput capacity and robust build quality. Predecessor to the current BiG X lineup.', 60000.00, 2006, '/images/machine_icon/krone_big_x_v12.jpg', 3, 27),
	(10, 'Cargroliner MUK 303', 'Three-axle grain transport trailer with a 30-tonne payload capacity. Features a hydraulic tipping mechanism, high-tensile steel frame, and optional scale system. Designed for high-volume cereal and seed transport in large arable operations.', 35000.00, 2022, '/images/machine_icon/cargoliner_muk_303.jpg', 4, 26),
	(11, 'Rudolph DK 280 RL', 'Two-axle hydraulic tipping trailer with approximately 28-tonne capacity. Solid-build transport solution for grain, sugar beet, and bulk agricultural commodities. Features tandem axle configuration and reinforced tipping body.', 20000.00, 2021, '/images/machine_icon/rudolph_dk_280_rl.jpg', 4, 39),
	(12, 'Brantner TA 23071 Power Push+', 'Large-capacity three-axle tipping trailer with a 23,000-liter load volume. The Power Push+ system enables active rear-wall pushing during unloading to prevent bridging and ensure full discharge. Ideal for light bulk goods such as grain, rapeseed, and fertilizer.', 50000.00, 2023, '/images/machine_icon/brantner_ta_23071_power_push.jpg', 4, 6),
	(13, 'Massey Ferguson PowerFlow 40FT', '40-foot (12.2 m) flexible draper grain header with PowerFlow feeding system. Designed for use on MF and compatible combine harvesters. Features flex cutting deck that follows ground contours, reducing crop losses in uneven terrain. Suitable for wheat, barley, rapeseed, and soybeans.', 70000.00, 2022, '/images/machine_icon/massey_ferguson_powerflow_40ft.jpg', 5, 33),
	(14, 'Capello Helianthus 12000', '12-meter dedicated sunflower header with 8 or more rows. Features individual row units with sunflower gathering points, stripper plates, and auger feeding. Built for minimal seed loss and high-speed sunflower harvesting. Compatible with major combine brands via adapter.', 100000.00, 2019, '/images/machine_icon/capello_helianthus_12000.jpg', 5, 8),
	(15, 'Case IH 3050 TerraFlex 41FT', '41-foot (12.5 m) flexible cutting platform with TerraFlex independent section float system. Each header section independently follows terrain, improving cutting height consistency and reducing losses. Integrated with Case IH AFS guidance. Suitable for soybeans, small grains, and rapeseed.', 55000.00, 2020, '/images/machine_icon/case_ih_3050_terraflex_41ft.jpg', 5, 9),
	(16, 'Case IH 4408', '8-row corn header with 75 cm (30-inch) row spacing. Features snapping rolls, deck plates, and integrated chopper for stalk residue management. Compatible with Case IH Axial-Flow combines. Folding design for road transport. Proven performance in high-yield corn harvesting.', 40000.00, 2018, '/images/machine_icon/case_ih_4408.jpg', 6, 9),
	(17, 'Capello Diamant 8', '8-row corn header designed for high throughput and low grain loss. Features adjustable row spacing, aggressive snapping rolls, and a heavy-duty gearbox drive system. Compatible with multiple combine brands. Durable build suited for high-moisture corn and difficult field conditions.', 55000.00, 2018, '/images/machine_icon/capello_diamant_8.jpg', 6, 8),
	(18, 'Ziegler Harvesting Corn Champion 5R', '5-row corn header with fixed 75 cm row spacing. Entry-level unit suitable for smaller combines and lower-output operations. Features standard snapping rolls and cross auger feeding system. Simple, low-maintenance design.', 12000.00, 2010, '/images/machine_icon/ziegler_harvesting_corn_champion_5r.jpg', 6, 50),
	(19, 'Kverneland Ecomat', 'Semi-mounted reversible disc plough with a low-disturbance design. Utilizes angled discs instead of mouldboards, producing minimal soil inversion and reducing soil compaction. Suitable for direct or reduced tillage systems. Available in multiple disc configurations.', 15000.00, 2010, '/images/machine_icon/kverneland_ecomat.jpg', 7, 31),
	(20, 'Pottinger Servo 25', 'Classic semi-mounted reversible mouldboard plough with mechanical furrow width adjustment. Designed for medium-horsepower tractors. Features robust frame and replaceable mouldboard bodies. Reliable, straightforward design for conventional tillage.', 6000.00, 2010, '/images/machine_icon/pottinger_servo_25.jpg', 7, 36),
	(21, 'Lemken Titan 18', 'Large semi-mounted reversible mouldboard plough with up to 18 furrows. Designed for high-horsepower tractors (300+ hp). Features hydraulic furrow width adjustment, stone protection on each body, and variable working depth control. Built for large-scale arable ploughing operations.', 65000.00, 2014, '/images/machine_icon/lemken_titan_18.jpg', 7, 32),
	(22, 'Pottinger Terradisc 10001T', '10-meter trailed disc harrow with twin-axle disc arrangement. Features large-diameter aggressive discs for primary tillage and residue incorporation. Suitable for post-harvest stubble cultivation and seedbed preparation. Hydraulic depth control and leveling board included.', 85000.00, 2018, '/images/machine_icon/pottinger_terradisc_10001t.jpg', 8, 36),
	(23, 'Kinze Mach Till 312', 'Large trailed disc ripper-harrow combination (approx. 9.1 m / 30 ft). Features coulter blades on leading gang and finishing discs on rear gang. Designed to break through compaction layers while managing crop residue. Commonly used in North American no-till transition systems.', 80000.00, 2020, '/images/machine_icon/kinze_mach_till_302.jpg', 8, 23),
	(24, 'Case IH Speed-Tiller 475', '4.75-meter mounted disc harrow with high-speed capability (up to 15 km/h). Features concave notched discs in twin-row arrangement, leveling board, and rear packer roller. Designed for fast, efficient seedbed preparation and residue mixing after harvest.', 130000.00, 2025, '/images/machine_icon/case_ih_speed_triller_475.jpg', 8, 9),
	(25, 'Farmet Kompaktomat 1570 Max', '15.7-meter trailed stubble cultivator with multiple working elements: disc coulters, tine cultivator legs, and rear crumbler roller. High-capacity machine for primary post-harvest cultivation. Hydraulic folding for transport. Suitable for large-scale farms requiring rapid field coverage.', 140000.00, 2025, '/images/machine_icon/famet_kompaktomat_1570_max.jpg', 9, 16),
	(26, 'Amazone Cenio 4000 Super', '4-meter mounted stubble cultivator with spring-tine legs and star wheels. Suitable for shallow post-harvest stubble cultivation and weed stimulation. Features solid-tine coulters and rear leveling board. Compact and reliable for medium-sized arable farms.', 13000.00, 2012, '/images/machine_icon/amazone_cenio_4000_super.jpg', 9, 1),
	(27, 'Kockerling Vector 570/800', '5.7–8-meter trailed stubble cultivator with intensive mixing and mulching action. Features angled tine legs with sweep points and rear roller options. Designed to thoroughly mix straw and stubble into the top soil layer, stimulating weed germination for false seedbed technique.', 42000.00, 2015, '/images/machine_icon/kockerling_vector_570_800.jpg', 9, 24),
	(28, 'Kuhn DC 401', '4-meter mounted subsoiler/deep cultivator with rigid or spring-release tines. Designed for loosening soil compaction layers without full inversion. Can be paired with a front disc coulter kit. Suitable for 3-5 tine configurations at depths up to 40 cm.', 6000.00, 2013, '/images/machine_icon/kuhn_dc_401.jpg', 10, 28),
	(29, 'Agrisem Combiplow Gold 4M', '4-meter mounted combination subsoiler and disc cultivator. Features winged subsoil legs to shatter compacted layers, paired with rear disc or tine elements for surface leveling. Designed for minimum tillage systems requiring deep decompaction without full ploughing.', 6000.00, 2013, '/images/machine_icon/agrisem_combiplow_gold_4m.jpg', 10, 2),
	(30, 'Kverneland DTX 300 AR', '3-meter mounted subsoiler with Auto-Reset leg protection. Features robust tines with tungsten-tipped points and hydraulic or mechanical reset on stone impact. Suitable for deep tillage at 35–50 cm working depth. Optional front disc coulters and rear level board available.', 25000.00, 2016, '/images/machine_icon/kverneland_dtx_300_ar.jpg', 10, 31),
	(31, 'Amazone Citan 15001-C', '15-meter trailed combination seed drill with integrated tine or disc coulter system and pneumatic seed distribution. Features AMALOG+ seed rate monitoring, large central hopper, and ISOBUS compatibility. Designed for high-speed, high-accuracy small-seed sowing (cereals, rapeseed, cover crops).', 220000.00, 2018, '/images/machine_icon/amazone_citan_15001_c.jpg', 11, 1),
	(32, 'Vaderstad Rapid A 800S', '8-meter trailed seed drill with aggressive RDA (Rapid Disc Aggressive) coulter system for excellent soil penetration in all conditions. Features CrossCutter disc to cut through heavy residue and a twin-hopper system for seed and fertilizer. Offers section control via ISOBUS.', 170000.00, 2018, '/images/machine_icon/vaderstad_rapid_a_800s.jpg', 11, 45),
	(33, 'Amazone KG 3001 + Centaya 3000', '3-meter combination of KG 3001 power harrow and Centaya 3000 seed drill. The KG rotary tiller prepares a fine seedbed, and the Centaya drill sows directly behind in a single pass. Suitable for small-scale and medium-scale cereal, sugar beet, and vegetable sowing.', 35000.00, 2010, '/images/machine_icon/amazone_centaya_3000.jpg', 11, 1),
	(34, 'Hardi Mega 1200L', 'Trailed field sprayer with 1,200-liter tank and manually operated boom (approx. 12–15 m). Entry-level unit for smaller fields. Features basic pressure regulation, hand-wash tank, and chemical inductor. Suitable for pesticide and herbicide application on smaller arable farms.', 10000.00, 2010, '/images/machine_icon/hardi_mega_1200l.jpg', 12, 18),
	(35, 'Hardi Commander 4500 Delta Force', 'Large trailed sprayer with a 4,500-liter main tank and hydraulic boom (up to 28 m or wider). Features Delta Force individual nozzle section control, Auto-Trim boom height control, and HARDI ISOBUS integration. Designed for precise, high-output crop protection on large arable farms.', 50000.00, 2015, '/images/machine_icon/hardi_commander_4500.jpg', 12, 18),
	(36, 'Berthoud Vantage 4300', 'Self-propelled sprayer with 4,300-liter tank and up to 36-meter boom. Features Comfort Drive ride system, GPS section control, and AutoBoom height regulation. Powered by a 4-cylinder engine, offering high clearance and low ground pressure for in-crop application.', 60000.00, 2020, '/images/machine_icon/berthoud_vantage_4300.jpg', 12, 5),
	(37, 'Bredal K165', 'Large trailed disc fertilizer spreader with 16,500-liter hopper capacity. Features twin-disc spreading mechanism with GPS variable rate application capability. Spread width up to 36 meters. Built for high-volume lime, compound, and straight fertilizer applications on large farms.', 80000.00, 2020, '/images/machine_icon/bredal_k105.jpg', 13, 7),
	(38, 'Bredal K105', 'Trailed disc fertilizer spreader with approximately 10,500-liter hopper. Features twin-disc spreading system with hydraulic rate control. Spread width up to 30 meters. Suitable for medium-to-large farms requiring precise fertilizer placement with variable rate capability.', 30000.00, 2013, '/images/machine_icon/bredal_k165.jpg', 13, 7),
	(39, 'Amazone ZG-TS 10001', '10,000-liter trailed twin-disc fertilizer spreader. Features Amatron 4 ISOBUS terminal, ArgusTwin GPS border-spreading system, and hydraulic rate control from the cab. Spread width up to 54 meters. Designed for high-precision nutrient application with section control support.', 60000.00, 2018, '/images/machine_icon/amazone_zg_ts_10001.jpg', 13, 1),
	(40, 'Strautmann PS 3401', 'Large trailed solid manure spreader with approximately 34,000-liter capacity. Features twin horizontal beater spreading system for even distribution. Designed for high-volume organic manure application on large livestock and mixed farms. Robust chassis with tandem or tri-axle configuration.', 140000.00, 2018, '/images/machine_icon/strautmann_ps_3401.jpg', 14, 42),
	(41, 'Brantner TA 12050 Power Spread +', 'Trailed solid manure spreader with 12,000-liter capacity and Power Spread+ twin vertical beater system. Ensures wide, even spreading of straw-rich manures. Reinforced floor chain conveyor and heavy-duty steel body for demanding conditions on mixed farms.', 40000.00, 2012, '/images/machine_icon/brantner_ta_12050_power_spread.jpg', 14, 6),
	(42, 'Bergmann TSW 6240 S', 'Trailed solid manure spreader with 6,240-liter capacity. Features twin horizontal or vertical spreading beaters and hydraulic rate control. Compact, maneuverable design suited for smaller livestock farms and paddock-scale organic matter application.', 80000.00, 2019, '/images/machine_icon/bergmann_tsw_6240s.jpg', 14, 4),
	(43, 'Zunhammer ULT 24', '24,000-liter trailed slurry tanker with umbilical or direct application capability. Features low-disturbance injection coulter options, high-capacity pump, and ISOBUS integration. Designed for nutrient-efficient liquid manure application with minimal ammonia loss.', 40000.00, 2015, '/images/machine_icon/zunhammer_ult_24.jpg', 15, 51),
	(44, 'Veenhuis Premium Integral 20000', '20,000-liter trailed slurry tanker with integrated injection boom. Features low-emission trailing shoe or injector coulter application heads, load cell weighing, and precision rate control. Designed for sustainable slurry application with ISOBUS and variable rate support.', 100000.00, 2017, '/images/machine_icon/veenhuis_premium_integral_20000.jpg', 15, 46),
	(45, 'Samson PG II 35', '35,000-liter trailed slurry tanker for high-volume organic liquid application. Features centrifugal or vacuum pump filling, wide spreading boom options, and GPS section control. Built for large-scale livestock farms with high slurry output volumes.', 200000.00, 2020, '/images/machine_icon/samson_pg_ii_35.jpg', 15, 40),
	(46, 'Kuhn GMD 8730-FF', '8.7-meter front-rear mounted disc mower conditioner combination. Features LIFT-CONTROL headstock and FreeFloat terrain-following system for each mower unit. Delivers wide swath mowing for high-output grass silage and hay operations.', 20000.00, 2018, '/images/machine_icon/kuhn_gmd_8730_ff.jpg', 16, 28),
	(47, 'Pottinger Novacat A10 Cross Flow', '10-meter mounted butterfly disc mower conditioner with Cross Flow swath management system. Features ACTIVE Float terrain following, conditioning rollers, and swath width/placement control. Optimized for rapid drying with large working width.', 60000.00, 2024, '/images/machine_icon/pottinger_novacat_a_10_cross_flow.jpg', 16, 36),
	(48, 'Kongskilde GXT 13005 P', '13-meter disc mower conditioner with 5-section boom design. High-output machine for large grassland farms and contractors. Features conditioning system, hydraulic float adjustment, and wide swath deposit for fast wilting.', 150000.00, 2025, '/images/machine_icon/kongskilde_gxt_13005_p.jpg', 16, 30),
	(49, 'Pottinger HIT 16.18 T', '16-rotor trailed tedder with 18-meter working width. Features freely swinging tine arms for gentle, low-loss forage tedding. Hydraulic folding and rotor height adjustment from tractor cab. Suitable for high-output tedding on large grassland or silage farms.', 35000.00, 2020, '/images/machine_icon/pottinger_hit_16.18_t.jpg', 17, 36),
	(50, 'Pottinger Alpinhit 4.4 H', '4-rotor mounted tedder with 4.4-meter working width. Designed for small to medium grassland farms and hillside conditions. Lightweight, compact design with simple mechanical operation and robust tine arms.', 4000.00, 2017, '/images/machine_icon/pottinger_alpinhit_4.4_h.jpg', 17, 36),
	(51, 'Kuhn GF 8712', '8.7-meter trailed rotary tedder with 8 rotors. Features adjustable tine angle, hydraulic folding, and wide swath output. Suitable for silage and hay production on medium-to-large grassland farms. Compatible with ISOBUS or standard hydraulic control.', 13000.00, 2020, '/images/machine_icon/kuhn_gf_8712.jpg', 17, 28),
	(52, 'Kuhn GA 13131', '13.1-meter twin-rotor trailed swath rake. Features large-diameter rotors with free-floating tine arms for gentle raking and minimal leaf loss. Hydraulic swath width and placement control. Suitable for high-output hay and silage raking on large grassland farms.', 55000.00, 2025, '/images/machine_icon/kuhn_ga_13131.jpg', 18, 28),
	(53, 'Claas Liner 4900 Business', '4-rotor tandem rake with approximately 9-meter working width. Features LINER pendulum axle for even ground pressure and gentle forage handling. Suitable for grass silage, hay, and straw raking on medium-to-large farms. Hydraulic folding for road transport.', 80000.00, 2025, '/images/machine_icon/claas_liner_4900_business.jpg', 18, 11),
	(54, 'Krone Swadro TS 970', '9.7-meter twin-rotor swath rake. Features large-diameter rotors with individually mounted tine arms. Provides clean, fluffy swath formation with minimal soil contamination. Available with optional headland management system for autonomous turning.', 30000.00, 2023, '/images/machine_icon/krone_swadro_ts_970.jpg', 18, 27),
	(55, 'Massey Ferguson MF 2370 Ultra HD', 'Large square baler producing high-density bales (approx. 120x90 cm cross-section). Features Ultra HD double-acting plunger system, crop cutting rotor, and ISOBUS connectivity with MF Fieldstar management system. Designed for maximum bale density in straw, hay, and silage crops.', 180000.00, 2025, '/images/machine_icon/massey_ferguson_empacadora_2370_ultra_hd.jpg', 19, 33),
	(56, 'Fendt Squadra 1290 N UD', 'Large square baler with 120x90 cm bale format and Ultra Density (UD) pre-compression chamber. Features variable flake control, ISOBUS automation, and Fendt advanced plunger-flywheel design. Produces extremely dense bales for efficient transport and storage.', 180000.00, 2025, '/images/machine_icon/fendt_squadra_1290_n_ud.jpg', 19, 13),
	(57, 'New Holland BigBaler 1290 High Density', 'Large square baler with 120x90 cm format and High Density pre-compression system. Features IntelliSteer auto-guidance baler, IntelliRate crop intake management, and BiG Baler Pro connectivity. Designed for high-throughput straw, hay, and haylage operations.', 150000.00, 2024, '/images/machine_icon/new_holland_bigbaler_1290_high_density.jpg', 19, 35),
	(58, 'Kuhn VB 3190', 'Variable chamber round baler producing bales up to 190 cm diameter. Features continuous intake system, optional net or film wrapping, and iXter B ISOBUS controller. Suitable for hay, straw, and haylage with flexible bale size adjustment.', 50000.00, 2020, '/images/machine_icon/kuhn_vb_3190.jpg', 20, 28),
	(59, 'Claas Rollant 455 RC Uniwrap', 'Variable chamber round baler-wrapper combination. Produces bales up to 155 cm diameter and wraps in-line without transferring bales to a separate wrapper. Features CLAAS CRUISE PILOT automatic intake management and ISOBUS integration. Ideal for high-output silage production.', 75000.00, 2019, '/images/machine_icon/claas_rollant_455_rc_uniwrap.jpg', 20, 11),
	(60, 'Massey Ferguson MF RB 4160V Protec', 'Variable chamber round baler with bale diameter up to 160 cm. Features Protec rubber bale chamber for gentle crop handling, net or film wrap options, and DataConnect ISOBUS system. Suited for hay, straw, and haylage baling on medium-to-large farms.', 90000.00, 2024, '/images/machine_icon/massey_ferguson_mf_rb_4160v_protec.jpg', 20, 33),
	(61, 'Nardi N70-40', 'Grain auger with 70 mm tube diameter and approximately 12-meter (40 ft) length. Powered by PTO or electric motor. Suitable for filling grain bins, trailers, and drying floors. Standard screw conveyor design for cereals, rapeseed, and legumes.', 10000.00, 2015, '/images/machine_icon/nardi_n70_40.jpg', 21, 34),
	(62, 'Nardi N40B', 'Compact grain auger with 40 mm tube diameter. Short, lightweight unit for small-scale grain transfer from trailers or bags into storage. Ideal for small farms or supplementary use alongside larger handling equipment.', 4000.00, 2015, '/images/machine_icon/nardi_n40b.jpg', 21, 34),
	(63, 'Nardi N60-35', 'Grain auger with 60 mm tube diameter and approximately 10.5-meter (35 ft) length. Mid-size unit suitable for filling grain stores and drying equipment. PTO-driven with folding hopper for compact transport and storage.', 6000.00, 2015, '/images/machine_icon/nardi_n60_35.jpg', 21, 34);

-- Dumping structure for table database_agro_shop.manufacturer
CREATE TABLE IF NOT EXISTS `manufacturer` (
  `manufacturer_id` int(20) unsigned NOT NULL AUTO_INCREMENT,
  `name` varchar(50) NOT NULL,
  `made_in` varchar(50) NOT NULL,
  `logo` varchar(255) NOT NULL,
  PRIMARY KEY (`manufacturer_id`)
) ENGINE=InnoDB AUTO_INCREMENT=82 DEFAULT CHARSET=utf8 COLLATE=utf8_unicode_ci;

-- Dumping data for table database_agro_shop.manufacturer: ~51 rows (approximately)
INSERT INTO `manufacturer` (`manufacturer_id`, `name`, `made_in`, `logo`) VALUES
	(1, 'Amazone', 'Germany', '/images/manufacturer/amazone.jpg'),
	(2, 'Agrisem', 'Ukraine', '/images/manufacturer/agrisem.jpg'),
	(3, 'Agromasz', 'Poland', '/images/manufacturer/agromasz.jpg'),
	(4, 'Bergmann', 'Germany', '/images/manufacturer/bergmann.jpg'),
	(5, 'Berthoud', 'France', '/images/manufacturer/berthoud.jpg'),
	(6, 'Brantner', 'Austria', '/images/manufacturer/brantner.jpg'),
	(7, 'Bredal', 'Denmark', '/images/manufacturer/bredal.jpg'),
	(8, 'Capello', 'Italy', '/images/manufacturer/capello.jpg'),
	(9, 'Case IH', 'USA', '/images/manufacturer/case_ih.jpg'),
	(10, 'Challenger', 'USA', '/images/manufacturer/challenger.jpg'),
	(11, 'Claas', 'Germany', '/images/manufacturer/claas.jpg'),
	(12, 'Deutz-Fahr', 'Germany', '/images/manufacturer/deutz-fahr.jpg'),
	(13, 'Fendt', 'Germany', '/images/manufacturer/fendt.jpg'),
	(14, 'Farmtech', 'Slovenia', '/images/manufacturer/farmtech.jpg'),
	(15, 'Fliegl', 'Germany', '/images/manufacturer/fliegl.jpg'),
	(16, 'Farmet', 'Czech Republic', '/images/manufacturer/farmet.jpg'),
	(17, 'Grimme', 'Germany', '/images/manufacturer/grimme.jpg'),
	(18, 'Hardi', 'Denmark', '/images/manufacturer/hardi.jpg'),
	(19, 'Hawe', 'Germany', '/images/manufacturer/hawe.jpg'),
	(20, 'Horsch', 'Germany', '/images/manufacturer/horsch.jpg'),
	(21, 'JCB', 'Great Britain', '/images/manufacturer/jcb.jpg'),
	(22, 'John Deere', 'USA', '/images/manufacturer/john-deere.jpg'),
	(23, 'Kinze Manufacturing', 'USA', '/images/manufacturer/kinze-manufacturing.jpg'),
	(24, 'Kockerling', 'Germany', '/images/manufacturer/kockerling.jpg'),
	(25, 'Krampe Fahrzeugbau', 'Germany', '/images/manufacturer/krampe-fahrzeugbau.jpg'),
	(26, 'Kroger Agroliner', 'Germany', '/images/manufacturer/kroger-agroliner.jpg'),
	(27, 'Krone', 'Germany', '/images/manufacturer/krone.jpg'),
	(28, 'Kuhn', 'France', '/images/manufacturer/kuhn.jpg'),
	(29, 'Kemper', 'Germany', '/images/manufacturer/kemper.jpg'),
	(30, 'Kongskilde', 'Denmark', '/images/manufacturer/kongskilde.jpg'),
	(31, 'Kvereland Group', 'Norway', '/images/manufacturer/kvereland-group.jpg'),
	(32, 'Lemken', 'Germany', '/images/manufacturer/lemken.jpg'),
	(33, 'Massey Ferguson', 'Canada', '/images/manufacturer/massey-ferguson.jpg'),
	(34, 'Nardi', 'Italy', '/images/manufacturer/nardi.jpg'),
	(35, 'New Holland', 'Italy', '/images/manufacturer/new-holland.jpg'),
	(36, 'Pottinger', 'Austria', '/images/manufacturer/pottinger.jpg'),
	(37, 'Ropa', 'Germany', '/images/manufacturer/ropa.jpg'),
	(38, 'Rostelmash', 'Russia', '/images/manufacturer/rostelmash.jpg'),
	(39, 'Rudolph', 'Germany', '/images/manufacturer/rudolph.jpg'),
	(40, 'Samson Agro', 'Denmark', '/images/manufacturer/samson-agro.jpg'),
	(41, 'Steyr', 'Austria', '/images/manufacturer/steyr.jpg'),
	(42, 'Strautmann', 'Germany', '/images/manufacturer/strautmann.jpg'),
	(43, 'Samson Group', 'Denmark', '/images/manufacturer/samson-group.jpg'),
	(44, 'Sip', 'Slovenia', '/images/manufacturer/sip.jpg'),
	(45, 'Vaderstad', 'Sweden', '/images/manufacturer/vaderstad.jpg'),
	(46, 'Veenhuis', 'Netherlands', '/images/manufacturer/veenhuis.jpg'),
	(47, 'Valtra', 'Finland', '/images/manufacturer/valtra.jpg'),
	(48, 'Welger', 'Germany', '/images/manufacturer/welger.jpg'),
	(49, 'Zetor', 'Czech Republic', '/images/manufacturer/zetor.jpg'),
	(50, 'Ziegler', 'Germany', '/images/manufacturer/ziegler.jpg'),
	(51, 'Zunhammer', 'Germany', '/images/manufacturer/zunhammer.jpg');

-- Dumping structure for table database_agro_shop.orders
CREATE TABLE IF NOT EXISTS `orders` (
  `orders_id` int(20) unsigned NOT NULL AUTO_INCREMENT,
  `date` datetime NOT NULL DEFAULT current_timestamp(),
  `total_price` decimal(10,2) unsigned NOT NULL,
  `status` enum('Pending','Paid') NOT NULL,
  `user_id` int(20) unsigned NOT NULL,
  PRIMARY KEY (`orders_id`),
  KEY `fk_orders_user_id` (`user_id`),
  CONSTRAINT `fk_orders_user_id` FOREIGN KEY (`user_id`) REFERENCES `user` (`user_id`) ON UPDATE CASCADE
) ENGINE=InnoDB DEFAULT CHARSET=utf8 COLLATE=utf8_unicode_ci;

-- Dumping data for table database_agro_shop.orders: ~0 rows (approximately)

-- Dumping structure for table database_agro_shop.orders_item
CREATE TABLE IF NOT EXISTS `orders_item` (
  `orders_item_id` int(20) unsigned NOT NULL AUTO_INCREMENT,
  `price` decimal(10,2) NOT NULL,
  `orders_id` int(20) unsigned NOT NULL,
  `unit_id` int(20) unsigned NOT NULL,
  PRIMARY KEY (`orders_item_id`),
  KEY `fk_orders_item_orders_id` (`orders_id`),
  KEY `fk_oders_item_unit_id` (`unit_id`),
  CONSTRAINT `fk_oders_item_unit_id` FOREIGN KEY (`unit_id`) REFERENCES `unit` (`unit_id`) ON UPDATE CASCADE,
  CONSTRAINT `fk_orders_item_orders_id` FOREIGN KEY (`orders_id`) REFERENCES `orders` (`orders_id`) ON UPDATE CASCADE
) ENGINE=InnoDB DEFAULT CHARSET=utf8 COLLATE=utf8_unicode_ci;

-- Dumping data for table database_agro_shop.orders_item: ~0 rows (approximately)

-- Dumping structure for table database_agro_shop.picture
CREATE TABLE IF NOT EXISTS `picture` (
  `picture_id` int(20) unsigned NOT NULL AUTO_INCREMENT,
  `path` varchar(255) NOT NULL,
  `machine_id` int(20) unsigned NOT NULL,
  PRIMARY KEY (`picture_id`),
  KEY `fk_picture_machine_id` (`machine_id`),
  CONSTRAINT `fk_picture_machine_id` FOREIGN KEY (`machine_id`) REFERENCES `machine` (`machine_id`) ON UPDATE CASCADE
) ENGINE=InnoDB DEFAULT CHARSET=utf8 COLLATE=utf8_unicode_ci;

-- Dumping data for table database_agro_shop.picture: ~0 rows (approximately)

-- Dumping structure for table database_agro_shop.review
CREATE TABLE IF NOT EXISTS `review` (
  `review_id` int(20) unsigned NOT NULL AUTO_INCREMENT,
  `rating` tinyint(1) unsigned DEFAULT NULL,
  `comment` text NOT NULL,
  `date` datetime NOT NULL DEFAULT current_timestamp(),
  `user_id` int(20) unsigned NOT NULL,
  `machine_id` int(20) unsigned NOT NULL,
  PRIMARY KEY (`review_id`),
  KEY `fk_review_user_id` (`user_id`),
  KEY `fk_review_machine_id` (`machine_id`),
  CONSTRAINT `fk_review_machine_id` FOREIGN KEY (`machine_id`) REFERENCES `machine` (`machine_id`) ON UPDATE CASCADE,
  CONSTRAINT `fk_review_user_id` FOREIGN KEY (`user_id`) REFERENCES `user` (`user_id`) ON UPDATE CASCADE
) ENGINE=InnoDB DEFAULT CHARSET=utf8 COLLATE=utf8_unicode_ci;

-- Dumping data for table database_agro_shop.review: ~0 rows (approximately)

-- Dumping structure for table database_agro_shop.specification
CREATE TABLE IF NOT EXISTS `specification` (
  `specification_id` int(20) unsigned NOT NULL AUTO_INCREMENT,
  `name` varchar(50) NOT NULL,
  `value` varchar(50) NOT NULL,
  `machine_id` int(20) unsigned NOT NULL,
  PRIMARY KEY (`specification_id`),
  KEY `fk_specification_machine_id` (`machine_id`),
  CONSTRAINT `fk_specification_machine_id` FOREIGN KEY (`machine_id`) REFERENCES `machine` (`machine_id`) ON UPDATE CASCADE
) ENGINE=InnoDB AUTO_INCREMENT=253 DEFAULT CHARSET=utf8 COLLATE=utf8_unicode_ci;

-- Dumping data for table database_agro_shop.specification: ~252 rows (approximately)
INSERT INTO `specification` (`specification_id`, `name`, `value`, `machine_id`) VALUES
	(1, 'Engine power', '370 HP', 1),
	(2, 'Transmission type', 'Dyna-VT CVT', 1),
	(3, 'Fuel capacity', '300 L', 1),
	(4, 'Maximum speed', '50 km/h', 1),
	(5, 'Vehicle weight', '11000 kg', 1),
	(6, 'Engine power', '160 HP', 2),
	(7, 'Transmission type', 'Vario CVT', 2),
	(8, 'Fuel capacity', '250 L', 2),
	(9, 'Maximum speed', '40 km/h', 2),
	(10, 'Vehicle weight', '8500 kg', 2),
	(11, 'Engine power', '340 HP', 3),
	(12, 'Transmission type', 'IVT CVT', 3),
	(13, 'Fuel capacity', '280 L', 3),
	(14, 'Maximum speed', '50 km/h', 3),
	(15, 'Vehicle weight', '10500 kg', 3),
	(16, 'Engine power', '530 HP', 4),
	(17, 'Transmission type', 'Hydrostatic', 4),
	(18, 'Fuel capacity', '400 L', 4),
	(19, 'Maximum speed', '25 km/h', 4),
	(20, 'Vehicle weight', '15000 kg', 4),
	(21, 'Grain tank capacity', '12500 L', 4),
	(22, 'Working speed', '8 km/h', 4),
	(23, 'Engine power', '390 HP', 5),
	(24, 'Transmission type', 'Hydrostatic', 5),
	(25, 'Fuel capacity', '350 L', 5),
	(26, 'Maximum speed', '22 km/h', 5),
	(27, 'Vehicle weight', '12000 kg', 5),
	(28, 'Grain tank capacity', '9000 L', 5),
	(29, 'Working speed', '7 km/h', 5),
	(30, 'Engine power', '330 HP', 6),
	(31, 'Transmission type', 'Hydrostatic', 6),
	(32, 'Fuel capacity', '300 L', 6),
	(33, 'Maximum speed', '20 km/h', 6),
	(34, 'Vehicle weight', '11000 kg', 6),
	(35, 'Grain tank capacity', '8000 L', 6),
	(36, 'Working speed', '6 km/h', 6),
	(37, 'Engine power', '550 HP', 7),
	(38, 'Transmission type', 'Hydrostatic', 7),
	(39, 'Fuel capacity', '420 L', 7),
	(40, 'Maximum speed', '25 km/h', 7),
	(41, 'Vehicle weight', '16000 kg', 7),
	(42, 'Grain tank capacity', '20000 L', 7),
	(43, 'Working speed', '10 km/h', 7),
	(44, 'Engine power', '480 HP', 8),
	(45, 'Transmission type', 'Hydrostatic', 8),
	(46, 'Fuel capacity', '380 L', 8),
	(47, 'Maximum speed', '23 km/h', 8),
	(48, 'Vehicle weight', '14500 kg', 8),
	(49, 'Grain tank capacity', '18000 L', 8),
	(50, 'Working speed', '9 km/h', 8),
	(51, 'Engine power', '420 HP', 9),
	(52, 'Transmission type', 'Hydrostatic', 9),
	(53, 'Fuel capacity', '350 L', 9),
	(54, 'Maximum speed', '20 km/h', 9),
	(55, 'Vehicle weight', '13000 kg', 9),
	(56, 'Grain tank capacity', '16000 L', 9),
	(57, 'Working speed', '8 km/h', 9),
	(58, 'Volume', '25 m3', 10),
	(59, 'Vehicle weight', '5000 kg', 10),
	(60, 'Volume', '28 m3', 11),
	(61, 'Vehicle weight', '5800 kg', 11),
	(62, 'Volume', '23 m3', 12),
	(63, 'Vehicle weight', '4500 kg', 12),
	(64, 'Vehicle weight', '2000 kg', 13),
	(65, 'Header width', '10 m', 13),
	(66, 'Working speed', '7 km/h', 13),
	(67, 'Vehicle weight', '2500 kg', 14),
	(68, 'Header width', '12 m', 14),
	(69, 'Working speed', '8 km/h', 14),
	(70, 'Vehicle weight', '2300 kg', 15),
	(71, 'Header width', '10.5 m', 15),
	(72, 'Working speed', '7.5 km/h', 15),
	(73, 'Vehicle weight', '1800 kg', 16),
	(74, 'Header width', '4.4 m', 16),
	(75, 'Working speed', '12 km/h', 16),
	(76, 'Vehicle weight', '2100 kg', 17),
	(77, 'Header width', '8 m', 17),
	(78, 'Working speed', '13 km/h', 17),
	(79, 'Vehicle weight', '1600 kg', 18),
	(80, 'Header width', '5 m', 18),
	(81, 'Working speed', '10 km/h', 18),
	(82, 'Required tractor power', '150 HP', 19),
	(83, 'Vehicle weight', '3000 kg', 19),
	(84, 'Working width', '3 m', 19),
	(85, 'Working speed', '8 km/h', 19),
	(86, 'Required tractor power', '120 HP', 20),
	(87, 'Vehicle weight', '2500 kg', 20),
	(88, 'Working width', '2.5 m', 20),
	(89, 'Working speed', '7 km/h', 20),
	(90, 'Required tractor power', '180 HP', 21),
	(91, 'Vehicle weight', '3500 kg', 21),
	(92, 'Working width', '3.5 m', 21),
	(93, 'Working speed', '9 km/h', 21),
	(94, 'Required tractor power', '160 HP', 22),
	(95, 'Vehicle weight', '2800 kg', 22),
	(96, 'Working width', '4 m', 22),
	(97, 'Working speed', '10 km/h', 22),
	(98, 'Required tractor power', '200 HP', 23),
	(99, 'Vehicle weight', '3200 kg', 23),
	(100, 'Working width', '4.2 m', 23),
	(101, 'Working speed', '11 km/h', 23),
	(102, 'Required tractor power', '220 HP', 24),
	(103, 'Vehicle weight', '3500 kg', 24),
	(104, 'Working width', '4.7 m', 24),
	(105, 'Working speed', '12 km/h', 24),
	(106, 'Required tractor power', '200 HP', 25),
	(107, 'Vehicle weight', '3000 kg', 25),
	(108, 'Working width', '5 m', 25),
	(109, 'Working speed', '10 km/h', 25),
	(110, 'Required tractor power', '120 HP', 26),
	(111, 'Vehicle weight', '2000 kg', 26),
	(112, 'Working width', '4 m', 26),
	(113, 'Working speed', '8 km/h', 26),
	(114, 'Required tractor power', '150 HP', 27),
	(115, 'Vehicle weight', '2500 kg', 27),
	(116, 'Working width', '5.7 m', 27),
	(117, 'Working speed', '10 km/h', 27),
	(118, 'Required tractor power', '100 HP', 28),
	(119, 'Vehicle weight', '1500 kg', 28),
	(120, 'Working width', '2.5 m', 28),
	(121, 'Working speed', '6 km/h', 28),
	(122, 'Required tractor power', '120 HP', 29),
	(123, 'Vehicle weight', '1800 kg', 29),
	(124, 'Working width', '3 m', 29),
	(125, 'Working speed', '7 km/h', 29),
	(126, 'Required tractor power', '140 HP', 30),
	(127, 'Vehicle weight', '2000 kg', 30),
	(128, 'Working width', '3.5 m', 30),
	(129, 'Working speed', '8 km/h', 30),
	(130, 'Required tractor power', '250 HP', 31),
	(131, 'Seed tank capacity', '15000 L', 31),
	(132, 'Vehicle weight', '4000 kg', 31),
	(133, 'Working width', '6 m', 31),
	(134, 'Working speed', '10 km/h', 31),
	(135, 'Required tractor power', '200 HP', 32),
	(136, 'Seed tank capacity', '12000 L', 32),
	(137, 'Vehicle weight', '3500 kg', 32),
	(138, 'Working width', '8 m', 32),
	(139, 'Working speed', '12 km/h', 32),
	(140, 'Required tractor power', '150 HP', 33),
	(141, 'Seed tank capacity', '9000 L', 33),
	(142, 'Vehicle weight', '2800 kg', 33),
	(143, 'Working width', '6 m', 33),
	(144, 'Working speed', '10 km/h', 33),
	(145, 'Tank capacity', '1200 L', 34),
	(146, 'Vehicle weight', '1500 kg', 34),
	(147, 'Tank capacity', '4500 L', 35),
	(148, 'Vehicle weight', '3000 kg', 35),
	(149, 'Tank capacity', '4300 L', 36),
	(150, 'Vehicle weight', '2800 kg', 36),
	(151, 'Fertilizer capacity', '16500 L', 37),
	(152, 'Vehicle weight', '3200 kg', 37),
	(153, 'Spreading width', '20 m', 37),
	(154, 'Working speed', '12 km/h', 37),
	(155, 'Fertilizer capacity', '10500 L', 38),
	(156, 'Vehicle weight', '2200 kg', 38),
	(157, 'Spreading width', '15 m', 38),
	(158, 'Working speed', '10 km/h', 38),
	(159, 'Fertilizer capacity', '10000 L', 39),
	(160, 'Vehicle weight', '2500 kg', 39),
	(161, 'Spreading width', '18 m', 39),
	(162, 'Working speed', '11 km/h', 39),
	(163, 'Required tractor power', '220 HP', 40),
	(164, 'Capacity', '34 m3', 40),
	(165, 'Vehicle weight', '6000 kg', 40),
	(166, 'Spreading width', '14 m', 40),
	(167, 'Working speed', '8 km/h', 40),
	(168, 'Required tractor power', '150 HP', 41),
	(169, 'Capacity', '12 m3', 41),
	(170, 'Vehicle weight', '3500 kg', 41),
	(171, 'Spreading width', '10 m', 41),
	(172, 'Working speed', '6 km/h', 41),
	(173, 'Required tractor power', '200 HP', 42),
	(174, 'Capacity', '24 m3', 42),
	(175, 'Vehicle weight', '5000 kg', 42),
	(176, 'Spreading width', '12 m', 42),
	(177, 'Working speed', '7 km/h', 42),
	(178, 'Required tractor power', '180 HP', 43),
	(179, 'Capacity', '24 m3', 43),
	(180, 'Vehicle weight', '4500 kg', 43),
	(181, 'Spreading width', '14 m', 43),
	(182, 'Working speed', '8 km/h', 43),
	(183, 'Required tractor power', '200 HP', 44),
	(184, 'Capacity', '20 m3', 44),
	(185, 'Vehicle weight', '5000 kg', 44),
	(186, 'Spreading width', '16 m', 44),
	(187, 'Working speed', '10 km/h', 44),
	(188, 'Required tractor power', '250 HP', 45),
	(189, 'Capacity', '35 m3', 45),
	(190, 'Vehicle weight', '6500 kg', 45),
	(191, 'Spreading width', '18 m', 45),
	(192, 'Working speed', '11 km/h', 45),
	(193, 'Required tractor power', '120 HP', 46),
	(194, 'Vehicle weight', '2000 kg', 46),
	(195, 'Cutting width', '2.87 m', 46),
	(196, 'Working speed', '10 km/h', 46),
	(197, 'Required tractor power', '150 HP', 47),
	(198, 'Vehicle weight', '2500 kg', 47),
	(199, 'Cutting width', '3.2 m', 47),
	(200, 'Working speed', '12 km/h', 47),
	(201, 'Required tractor power', '180 HP', 48),
	(202, 'Vehicle weight', '3000 kg', 48),
	(203, 'Cutting width', '3.5 m', 48),
	(204, 'Working speed', '13 km/h', 48),
	(205, 'Required tractor power', '100 HP', 49),
	(206, 'Vehicle weight', '1500 kg', 49),
	(207, 'Working width', '6 m', 49),
	(208, 'Working speed', '12 km/h', 49),
	(209, 'Required tractor power', '60 HP', 50),
	(210, 'Vehicle weight', '900 kg', 50),
	(211, 'Working width', '4.4 m', 50),
	(212, 'Working speed', '10 km/h', 50),
	(213, 'Required tractor power', '80 HP', 51),
	(214, 'Vehicle weight', '1200 kg', 51),
	(215, 'Working width', '5.5 m', 51),
	(216, 'Working speed', '11 km/h', 51),
	(217, 'Required tractor power', '140 HP', 52),
	(218, 'Vehicle weight', '2000 kg', 52),
	(219, 'Working width', '5.2 m', 52),
	(220, 'Working speed', '12 km/h', 52),
	(221, 'Required tractor power', '150 HP', 53),
	(222, 'Vehicle weight', '2200 kg', 53),
	(223, 'Working width', '4.9 m', 53),
	(224, 'Working speed', '13 km/h', 53),
	(225, 'Required tractor power', '130 HP', 54),
	(226, 'Vehicle weight', '2000 kg', 54),
	(227, 'Working width', '4.5 m', 54),
	(228, 'Working speed', '12 km/h', 54),
	(229, 'Required tractor power', '200 HP', 55),
	(230, 'Vehicle weight', '3500 kg', 55),
	(231, 'Working speed', '10 km/h', 55),
	(232, 'Required tractor power', '210 HP', 56),
	(233, 'Vehicle weight', '3600 kg', 56),
	(234, 'Working speed', '10 km/h', 56),
	(235, 'Required tractor power', '200 HP', 57),
	(236, 'Vehicle weight', '3400 kg', 57),
	(237, 'Working speed', '10 km/h', 57),
	(238, 'Required tractor power', '140 HP', 58),
	(239, 'Vehicle weight', '2000 kg', 58),
	(240, 'Working width', '3 m', 58),
	(241, 'Working speed', '8 km/h', 58),
	(242, 'Required tractor power', '160 HP', 59),
	(243, 'Vehicle weight', '2200 kg', 59),
	(244, 'Working width', '3.2 m', 59),
	(245, 'Working speed', '9 km/h', 59),
	(246, 'Required tractor power', '170 HP', 60),
	(247, 'Vehicle weight', '2300 kg', 60),
	(248, 'Working width', '3.3 m', 60),
	(249, 'Working speed', '9 km/h', 60),
	(250, 'Vehicle weight', '2500 kg', 61),
	(251, 'Vehicle weight', '1800 kg', 62),
	(252, 'Vehicle weight', '2200 kg', 63);

-- Dumping structure for table database_agro_shop.unit
CREATE TABLE IF NOT EXISTS `unit` (
  `unit_id` int(20) unsigned NOT NULL AUTO_INCREMENT,
  `serial_number` varchar(6) NOT NULL,
  `availability` tinyint(1) NOT NULL,
  `machine_id` int(20) unsigned NOT NULL,
  PRIMARY KEY (`unit_id`),
  UNIQUE KEY `uq_unit_serial_number` (`serial_number`),
  KEY `fk_unit_machine_id` (`machine_id`),
  CONSTRAINT `fk_unit_machine_id` FOREIGN KEY (`machine_id`) REFERENCES `machine` (`machine_id`) ON UPDATE CASCADE
) ENGINE=InnoDB AUTO_INCREMENT=64 DEFAULT CHARSET=utf8 COLLATE=utf8_unicode_ci;

-- Dumping data for table database_agro_shop.unit: ~63 rows (approximately)
INSERT INTO `unit` (`unit_id`, `serial_number`, `availability`, `machine_id`) VALUES
	(1, '000001', 1, 1),
	(2, '000002', 1, 2),
	(3, '000003', 1, 3),
	(4, '000004', 1, 4),
	(5, '000005', 1, 5),
	(6, '000006', 1, 6),
	(7, '000007', 1, 7),
	(8, '000008', 1, 8),
	(9, '000009', 1, 9),
	(10, '000010', 1, 10),
	(11, '000011', 1, 11),
	(12, '000012', 1, 12),
	(13, '000013', 1, 13),
	(14, '000014', 1, 14),
	(15, '000015', 1, 15),
	(16, '000016', 1, 16),
	(17, '000017', 1, 17),
	(18, '000018', 1, 18),
	(19, '000019', 1, 19),
	(20, '000020', 1, 20),
	(21, '000021', 1, 21),
	(22, '000022', 1, 22),
	(23, '000023', 1, 23),
	(24, '000024', 1, 24),
	(25, '000025', 1, 25),
	(26, '000026', 1, 26),
	(27, '000027', 1, 27),
	(28, '000028', 1, 28),
	(29, '000029', 1, 29),
	(30, '000030', 1, 30),
	(31, '000031', 1, 31),
	(32, '000032', 1, 32),
	(33, '000033', 1, 33),
	(34, '000034', 1, 34),
	(35, '000035', 1, 35),
	(36, '000036', 1, 36),
	(37, '000037', 1, 37),
	(38, '000038', 1, 38),
	(39, '000039', 1, 39),
	(40, '000040', 1, 40),
	(41, '000041', 1, 41),
	(42, '000042', 1, 42),
	(43, '000043', 1, 43),
	(44, '000044', 1, 44),
	(45, '000045', 1, 45),
	(46, '000046', 1, 46),
	(47, '000047', 1, 47),
	(48, '000048', 1, 48),
	(49, '000049', 1, 49),
	(50, '000050', 1, 50),
	(51, '000051', 1, 51),
	(52, '000052', 1, 52),
	(53, '000053', 1, 53),
	(54, '000054', 1, 54),
	(55, '000055', 1, 55),
	(56, '000056', 1, 56),
	(57, '000057', 1, 57),
	(58, '000058', 1, 58),
	(59, '000059', 1, 59),
	(60, '000060', 1, 60),
	(61, '000061', 1, 61),
	(62, '000062', 1, 62),
	(63, '000063', 1, 63);

-- Dumping structure for table database_agro_shop.user
CREATE TABLE IF NOT EXISTS `user` (
  `user_id` int(20) unsigned NOT NULL AUTO_INCREMENT,
  `name` varchar(50) NOT NULL,
  `surname` varchar(50) NOT NULL,
  `email` varchar(50) NOT NULL,
  `password` varchar(255) NOT NULL,
  `phone_number` varchar(50) NOT NULL,
  `role` enum('Administrator','Customer') NOT NULL,
  PRIMARY KEY (`user_id`),
  UNIQUE KEY `uq_user_email` (`email`)
) ENGINE=InnoDB AUTO_INCREMENT=5 DEFAULT CHARSET=utf8 COLLATE=utf8_unicode_ci;

-- Dumping data for table database_agro_shop.user: ~4 rows (approximately)
INSERT INTO `user` (`user_id`, `name`, `surname`, `email`, `password`, `phone_number`, `role`) VALUES
	(1, 'Luka', 'Todorovic', 'luka.todorovic@gmail.com', 'Pa$$w0rd', '064/1234567', 'Administrator'),
	(2, 'Pera', 'Peric', 'pera.peric@gmail.com', '12345678', '064/2345678', 'Customer'),
	(3, 'Sima', 'Simic', 'sima.simic@gmail.com', '12345678', '064/3456789', 'Customer'),
	(4, 'Laza', 'Lazic', 'laza.lazic@gmail.com', '12345678', '064/4567890', 'Customer');

/*!40103 SET TIME_ZONE=IFNULL(@OLD_TIME_ZONE, 'system') */;
/*!40101 SET SQL_MODE=IFNULL(@OLD_SQL_MODE, '') */;
/*!40014 SET FOREIGN_KEY_CHECKS=IFNULL(@OLD_FOREIGN_KEY_CHECKS, 1) */;
/*!40101 SET CHARACTER_SET_CLIENT=@OLD_CHARACTER_SET_CLIENT */;
/*!40111 SET SQL_NOTES=IFNULL(@OLD_SQL_NOTES, 1) */;
