-- --------------------------------------------------------
-- Host:                         127.0.0.1
-- Server version:               10.4.32-MariaDB - mariadb.org binary distribution
-- Server OS:                    Win64
-- HeidiSQL Version:             12.11.0.7065
-- --------------------------------------------------------

/*!40101 SET @OLD_CHARACTER_SET_CLIENT=@@CHARACTER_SET_CLIENT */;
/*!40101 SET NAMES utf8 */;
/*!50503 SET NAMES utf8mb4 */;
/*!40103 SET @OLD_TIME_ZONE=@@TIME_ZONE */;
/*!40103 SET TIME_ZONE='+00:00' */;
/*!40014 SET @OLD_FOREIGN_KEY_CHECKS=@@FOREIGN_KEY_CHECKS, FOREIGN_KEY_CHECKS=0 */;
/*!40101 SET @OLD_SQL_MODE=@@SQL_MODE, SQL_MODE='NO_AUTO_VALUE_ON_ZERO' */;
/*!40111 SET @OLD_SQL_NOTES=@@SQL_NOTES, SQL_NOTES=0 */;


-- Dumping database structure for database_agro_shop
CREATE DATABASE IF NOT EXISTS `database_agro_shop` /*!40100 DEFAULT CHARACTER SET utf8 COLLATE utf8_unicode_ci */;
USE `database_agro_shop`;

-- Dumping structure for table database_agro_shop.category
CREATE TABLE IF NOT EXISTS `category` (
  `category_id` int(20) unsigned NOT NULL AUTO_INCREMENT,
  `category_name` varchar(100) NOT NULL,
  `description` text NOT NULL,
  `picture` varchar(255) NOT NULL,
  `category_type` enum('Vehicle','Machine') NOT NULL,
  PRIMARY KEY (`category_id`)
) ENGINE=InnoDB AUTO_INCREMENT=24 DEFAULT CHARSET=utf8 COLLATE=utf8_unicode_ci;

-- Dumping data for table database_agro_shop.category: ~21 rows (approximately)
INSERT INTO `category` (`category_id`, `category_name`, `description`, `picture`, `category_type`) VALUES
	(1, 'Tractors', 'Tractors', '/images/categories/tractors.jpg', 'Vehicle'),
	(2, 'Grain harvesters', 'Harvesters for harvesting wheat, corn, sunflower, soya, canola', '/images/categories/grain_harvesters.jpg', 'Vehicle'),
	(3, 'Forage harvesters', 'Harvesters for silage making', '/images/categories/silage_harvesters.jpg', 'Vehicle'),
	(4, 'Trailers', 'Trailers for transporting', '/images/categories/trailers.jpg', 'Machine'),
	(5, 'Grain headers', 'Headers for harvesting wheat, soya, canola', '/images/categories/grain_headers.jpg', 'Machine'),
	(6, 'Corn headers', 'Headers for harvesting corn, sunflower', '/images/categories/corn_headers.jpg', 'Machine'),
	(7, 'Plows', 'Machines for primary tillage and soil turning', '/images/categories/plows.jpg', 'Machine'),
	(8, 'Disc harrows', 'Machines for soil cultivation and preperation', '/images/categories/disc_harrows.jpg', 'Machine'),
	(9, 'Cultivators', 'Machines for soil loosing and weed control', '/images/categories/cultivators.jpg', 'Machine'),
	(10, 'Subsoilers', 'Machines for deep soil loosening and drainage improvement', '/images/categories/subsoilers.jpg', 'Machine'),
	(11, 'Seeders', 'Machines for seeding wheat, corn, sunflower,soya, canola', '/images/categories/seeders.jpg', 'Machine'),
	(12, 'Sprayers', 'Machines for spraying chemicals against weeds, pests and diseases ', '/images/categories/sprayers.jpg', 'Machine'),
	(13, 'Fertiilizer spreaders', 'Machines for spreading artificial fertilizer on agricultural fields', '/images/categories/fertilizer_spreaders.jpg', 'Machine'),
	(14, 'Manure spreaders', 'Machines for spreading manure fertilizer on agricultural fields', '/images/categories/manure_spreaders.jpg', 'Machine'),
	(15, 'Slurry tanks', 'Machines for spreading liquid fertilizer on agricultural fields', '/images/categories/slurry_tanks.jpg', 'Machine'),
	(16, 'Mowers', 'Machines for mowing grass', '/images/categories/mowers.jpg', 'Machine'),
	(17, 'Tedders', 'Machines for spreading and aerating cut grass for faster drying', '/images/categories/tedders.jpg', 'Machine'),
	(18, 'Windrowers', 'Machines for raking and collecting cut grass into rows', '/images/categories/windrowers.jpg', 'Machine'),
	(19, 'Square balers', 'Machines for making square bales', '/images/categories/square_balers.jpg', 'Machine'),
	(20, 'Round balers', 'Machines for making round bales', '/images/categories/round_balers.jpg', 'Machine'),
	(21, 'Header trailers', 'Trailers for transporting headers', '/images/categories/header_trailers.jpg', 'Machine');

-- Dumping structure for table database_agro_shop.machine
CREATE TABLE IF NOT EXISTS `machine` (
  `machine_id` int(20) unsigned NOT NULL AUTO_INCREMENT,
  `name` varchar(50) NOT NULL,
  `description` text NOT NULL,
  `price` decimal(10,2) unsigned NOT NULL,
  `release_year` int(4) NOT NULL,
  `icon_path` varchar(255) NOT NULL,
  `category_id` int(20) unsigned NOT NULL,
  `manufacturer_id` int(20) unsigned NOT NULL,
  PRIMARY KEY (`machine_id`),
  KEY `fk_machine_category_id` (`category_id`),
  KEY `fk_machine_manufacturer_id` (`manufacturer_id`),
  CONSTRAINT `fk_machine_category_id` FOREIGN KEY (`category_id`) REFERENCES `category` (`category_id`) ON UPDATE CASCADE,
  CONSTRAINT `fk_machine_manufacturer_id` FOREIGN KEY (`manufacturer_id`) REFERENCES `manufacturer` (`manufacturer_id`) ON UPDATE CASCADE
) ENGINE=InnoDB AUTO_INCREMENT=64 DEFAULT CHARSET=utf8 COLLATE=utf8_unicode_ci;

-- Dumping data for table database_agro_shop.machine: ~63 rows (approximately)
INSERT INTO `machine` (`machine_id`, `name`, `description`, `price`, `release_year`, `icon_path`, `category_id`, `manufacturer_id`) VALUES
	(1, 'Massey Ferguson 9S.370', 'High-horsepower row-crop tractor producing 370 hp, part of the 9S series. Features the Dyna-VT continuously variable transmission, a 9.0L AGCO Power engine, and the MF-Guide auto-steering system. Designed for heavy draft work and large-scale arable farming. Equipped with an 8-post cab with 360° visibility and Datatronic 5 terminal.', 300000.00, 2025, '/images/machine_icon/massey_ferguson_9s.370.jpg', 1, 33),
	(2, 'Fendt Favorit 716 Vario', '156 hp tractor from the Favorit series, one of the first tractors to feature the Fendt Vario CVT (continuously variable transmission) as standard. Powered by a 6-cylinder MAN engine. Known for fuel efficiency and smooth power delivery. A landmark model in European precision agriculture from the early 2000s.', 35000.00, 2002, '/images/machine_icon/fendt_favorit_716_vario.jpg', 1, 13),
	(3, 'John Deere 8R 340', '340 hp articulated row-crop tractor with John Deere e23 PowerShift transmission or optional AutoPowr IVT. Features CommandView III cab with CommandCenter display. Powered by a 9.0L John Deere PowerTech PSS engine meeting Tier 4 Final emissions. Suitable for large-scale tillage, planting, and transport operations.', 260000.00, 2020, '/images/machine_icon/john_deere_8r_340.jpg', 1, 22),
	(4, 'Case IH Axial-Flow 7250 HC', 'Large rotary combine harvester with a 575 hp FPT engine and dual-rotor axial-flow threshing and separation system. The HC (High Capacity) variant offers enhanced throughput for high-yield crops. Features AFS Connect precision farming system and Automatic Header Control. Grain tank capacity of 14,200 liters.', 450000.00, 2022, '/images/machine_icon/case_ih_axial_flow_7250_hc.jpg', 2, 9),
	(5, 'Claas Lexion 660', 'High-performance hybrid combine with CLAAS APS (Accelerated Pre-Separation) threshing drum paired with two ROTO PLUS separation rotors. Powered by a Mercedes-Benz engine producing around 490 hp. Features CEMOS automatic crop management system and a 12,000-liter grain tank. Strong in European wheat and rapeseed conditions.', 215000.00, 2017, '/images/machine_icon/claas_lexion_660.jpg', 2, 11),
	(6, 'Massey Ferguson MF 7380', 'Mid-to-large class combine harvester with a rotary separation system and a Tier 4i-compliant AGCO Power engine around 380 hp. Features DataVision II control system, automated grain loss monitoring, and a comfortable cab with Advanced Feederhouse control. Suitable for cereals, rapeseed, and corn.', 155000.00, 2015, '/images/machine_icon/massey_ferguson_mf_7380.jpg', 2, 33),
	(7, 'Krone Big X 630', 'Self-propelled forage harvester with a 630 hp V8 Mercedes-Benz engine. Features the Krone XDisc 630 cutterhead with 40 blades and Shear Bar automatic adjustment. Equipped with EasyFlow crop flow optimization and KRONE SmartConnect telematics. Crop-to-crop chop length adjustment via touchscreen. High-output machine for large silage operations.', 460000.00, 2022, '/images/machine_icon/krone_big_x_630.jpg', 3, 27),
	(8, 'Krone Big X 600', 'Self-propelled forage harvester producing 598 hp from a Mercedes-Benz OM 502 LA V8 engine. Earlier generation Big X with proven reliability. Features precision chop system, metal detection, and high-capacity crop flow. Suitable for grass silage, whole-plant corn, and cereal crops.', 90000.00, 2014, '/images/machine_icon/krone_big_x_600.jpg', 3, 27),
	(9, 'Krone Big X V12', 'Early-generation self-propelled forage harvester powered by a V12 Mercedes-Benz engine (approx. 700+ hp at peak). Pioneering model in high-horsepower forage harvesting. Known for exceptional throughput capacity and robust build quality. Predecessor to the current BiG X lineup.', 60000.00, 2006, '/images/machine_icon/krone_big_x_v12.jpg', 3, 27),
	(10, 'Cargroliner MUK 303', 'Three-axle grain transport trailer with a 30-tonne payload capacity. Features a hydraulic tipping mechanism, high-tensile steel frame, and optional scale system. Designed for high-volume cereal and seed transport in large arable operations.', 35000.00, 2022, '/images/machine_icon/cargoliner_muk_303.jpg', 4, 26),
	(11, 'Rudolph DK 280 RL', 'Two-axle hydraulic tipping trailer with approximately 28-tonne capacity. Solid-build transport solution for grain, sugar beet, and bulk agricultural commodities. Features tandem axle configuration and reinforced tipping body.', 20000.00, 2021, '/images/machine_icon/rudolph_dk_280_rl.jpg', 4, 38),
	(12, 'Brantner TA 23071 Power Push+', 'Large-capacity three-axle tipping trailer with a 23,000-liter load volume. The Power Push+ system enables active rear-wall pushing during unloading to prevent bridging and ensure full discharge. Ideal for light bulk goods such as grain, rapeseed, and fertilizer.', 50000.00, 2023, '/images/machine_icon/brantner_ta_23071_power_push.jpg', 4, 6),
	(13, 'Massey Ferguson PowerFlow 40FT', '40-foot (12.2 m) flexible draper grain header with PowerFlow feeding system. Designed for use on MF and compatible combine harvesters. Features flex cutting deck that follows ground contours, reducing crop losses in uneven terrain. Suitable for wheat, barley, rapeseed, and soybeans.', 70000.00, 2022, '/images/machine_icon/massey_ferguson_powerflow_40ft.jpg', 5, 33),
	(14, 'Capello Helianthus 12000', '12-meter dedicated sunflower header with 8 or more rows. Features individual row units with sunflower gathering points, stripper plates, and auger feeding. Built for minimal seed loss and high-speed sunflower harvesting. Compatible with major combine brands via adapter.', 100000.00, 2019, '/images/machine_icon/capello_helianthus_12000.jpg', 5, 8),
	(15, 'Case IH 3050 TerraFlex 41FT', '41-foot (12.5 m) flexible cutting platform with TerraFlex independent section float system. Each header section independently follows terrain, improving cutting height consistency and reducing losses. Integrated with Case IH AFS guidance. Suitable for soybeans, small grains, and rapeseed.', 55000.00, 2020, '/images/machine_icon/case_ih_3050_terraflex_41ft.jpg', 5, 9),
	(16, 'Case IH 4408', '8-row corn header with 75 cm (30-inch) row spacing. Features snapping rolls, deck plates, and integrated chopper for stalk residue management. Compatible with Case IH Axial-Flow combines. Folding design for road transport. Proven performance in high-yield corn harvesting.', 40000.00, 2018, '/images/machine_icon/case_ih_4408.jpg', 6, 9),
	(17, 'Capello Diamant 8', '8-row corn header designed for high throughput and low grain loss. Features adjustable row spacing, aggressive snapping rolls, and a heavy-duty gearbox drive system. Compatible with multiple combine brands. Durable build suited for high-moisture corn and difficult field conditions.', 55000.00, 2018, '/images/machine_icon/capello_diamant_8.jpg', 6, 8),
	(18, 'Ziegler Harvesting Corn Champion 5R', '5-row corn header with fixed 75 cm row spacing. Entry-level unit suitable for smaller combines and lower-output operations. Features standard snapping rolls and cross auger feeding system. Simple, low-maintenance design.', 12000.00, 2010, '/images/machine_icon/ziegler_harvesting_corn_champion_5r.jpg', 6, 49),
	(19, 'Kverneland Ecomat', 'Semi-mounted reversible disc plough with a low-disturbance design. Utilizes angled discs instead of mouldboards, producing minimal soil inversion and reducing soil compaction. Suitable for direct or reduced tillage systems. Available in multiple disc configurations.', 15000.00, 2010, '/images/machine_icon/kverneland_ecomat.jpg', 7, 31),
	(20, 'Pottinger Servo 25', 'Classic semi-mounted reversible mouldboard plough with mechanical furrow width adjustment. Designed for medium-horsepower tractors. Features robust frame and replaceable mouldboard bodies. Reliable, straightforward design for conventional tillage.', 6000.00, 2010, '/images/machine_icon/pottinger_servo_25.jpg', 7, 36),
	(21, 'Lemken Titan 18', 'Large semi-mounted reversible mouldboard plough with up to 18 furrows. Designed for high-horsepower tractors (300+ hp). Features hydraulic furrow width adjustment, stone protection on each body, and variable working depth control. Built for large-scale arable ploughing operations.', 65000.00, 2014, '/images/machine_icon/lemken_titan_18.jpg', 7, 32),
	(22, 'Pottinger Terradisc 10001T', '10-meter trailed disc harrow with twin-axle disc arrangement. Features large-diameter aggressive discs for primary tillage and residue incorporation. Suitable for post-harvest stubble cultivation and seedbed preparation. Hydraulic depth control and leveling board included.', 85000.00, 2018, '/images/machine_icon/pottinger_terradisc_10001t.jpg', 8, 36),
	(23, 'Kinze Mach Till 312', 'Large trailed disc ripper-harrow combination (approx. 9.1 m / 30 ft). Features coulter blades on leading gang and finishing discs on rear gang. Designed to break through compaction layers while managing crop residue. Commonly used in North American no-till transition systems.', 80000.00, 2020, '/images/machine_icon/kinze_mach_till_302.jpg', 8, 23),
	(24, 'Case IH Speed-Tiller 475', '4.75-meter mounted disc harrow with high-speed capability (up to 15 km/h). Features concave notched discs in twin-row arrangement, leveling board, and rear packer roller. Designed for fast, efficient seedbed preparation and residue mixing after harvest.', 130000.00, 2025, '/images/machine_icon/case_ih_speed_triller_475.jpg', 8, 9),
	(25, 'Farmet Kompaktomat 1570 Max', '15.7-meter trailed stubble cultivator with multiple working elements: disc coulters, tine cultivator legs, and rear crumbler roller. High-capacity machine for primary post-harvest cultivation. Hydraulic folding for transport. Suitable for large-scale farms requiring rapid field coverage.', 140000.00, 2025, '/images/machine_icon/famet_kompaktomat_1570_max.jpg', 9, 16),
	(26, 'Amazone Cenio 4000 Super', '4-meter mounted stubble cultivator with spring-tine legs and star wheels. Suitable for shallow post-harvest stubble cultivation and weed stimulation. Features solid-tine coulters and rear leveling board. Compact and reliable for medium-sized arable farms.', 13000.00, 2012, '/images/machine_icon/amazone_cenio_4000_super.jpg', 9, 1),
	(27, 'Kockerling Vector 570/800', '5.7–8-meter trailed stubble cultivator with intensive mixing and mulching action. Features angled tine legs with sweep points and rear roller options. Designed to thoroughly mix straw and stubble into the top soil layer, stimulating weed germination for false seedbed technique.', 42000.00, 2015, '/images/machine_icon/kockerling_vector_570_800.jpg', 9, 24),
	(28, 'Kuhn DC 401', '4-meter mounted subsoiler/deep cultivator with rigid or spring-release tines. Designed for loosening soil compaction layers without full inversion. Can be paired with a front disc coulter kit. Suitable for 3-5 tine configurations at depths up to 40 cm.', 6000.00, 2013, '/images/machine_icon/kuhn_dc_401.jpg', 10, 28),
	(29, 'Agrisem Combiplow Gold 4M', '4-meter mounted combination subsoiler and disc cultivator. Features winged subsoil legs to shatter compacted layers, paired with rear disc or tine elements for surface leveling. Designed for minimum tillage systems requiring deep decompaction without full ploughing.', 6000.00, 2013, '/images/machine_icon/agrisem_combiplow_gold_4m.jpg', 10, 2),
	(30, 'Kverneland DTX 300 AR', '3-meter mounted subsoiler with Auto-Reset leg protection. Features robust tines with tungsten-tipped points and hydraulic or mechanical reset on stone impact. Suitable for deep tillage at 35–50 cm working depth. Optional front disc coulters and rear level board available.', 25000.00, 2016, '/images/machine_icon/kverneland_dtx_300_ar.jpg', 10, 31),
	(31, 'Amazone Citan 15001-C', '15-meter trailed combination seed drill with integrated tine or disc coulter system and pneumatic seed distribution. Features AMALOG+ seed rate monitoring, large central hopper, and ISOBUS compatibility. Designed for high-speed, high-accuracy small-seed sowing (cereals, rapeseed, cover crops).', 220000.00, 2018, '/images/machine_icon/amazone_citan_15001_c.jpg', 11, 1),
	(32, 'Vaderstad Rapid A 800S', '8-meter trailed seed drill with aggressive RDA (Rapid Disc Aggressive) coulter system for excellent soil penetration in all conditions. Features CrossCutter disc to cut through heavy residue and a twin-hopper system for seed and fertilizer. Offers section control via ISOBUS.', 170000.00, 2018, '/images/machine_icon/vaderstad_rapid_a_800s.jpg', 11, 44),
	(33, 'Amazone KG 3001 + Centaya 3000', '3-meter combination of KG 3001 power harrow and Centaya 3000 seed drill. The KG rotary tiller prepares a fine seedbed, and the Centaya drill sows directly behind in a single pass. Suitable for small-scale and medium-scale cereal, sugar beet, and vegetable sowing.', 35000.00, 2010, '/images/machine_icon/amazone_centaya_3000.jpg', 11, 1),
	(34, 'Hardi Mega 1200L', 'Trailed field sprayer with 1,200-liter tank and manually operated boom (approx. 12–15 m). Entry-level unit for smaller fields. Features basic pressure regulation, hand-wash tank, and chemical inductor. Suitable for pesticide and herbicide application on smaller arable farms.', 10000.00, 2010, '/images/machine_icon/hardi_mega_1200l.jpg', 12, 18),
	(35, 'Hardi Commander 4500 Delta Force', 'Large trailed sprayer with a 4,500-liter main tank and hydraulic boom (up to 28 m or wider). Features Delta Force individual nozzle section control, Auto-Trim boom height control, and HARDI ISOBUS integration. Designed for precise, high-output crop protection on large arable farms.', 50000.00, 2015, '/images/machine_icon/hardi_commander_4500.jpg', 12, 18),
	(36, 'Berthoud Vantage 4300', 'Self-propelled sprayer with 4,300-liter tank and up to 36-meter boom. Features Comfort Drive ride system, GPS section control, and AutoBoom height regulation. Powered by a 4-cylinder engine, offering high clearance and low ground pressure for in-crop application.', 60000.00, 2020, '/images/machine_icon/berthoud_vantage_4300.jpg', 12, 5),
	(37, 'Bredal K165', 'Large trailed disc fertilizer spreader with 16,500-liter hopper capacity. Features twin-disc spreading mechanism with GPS variable rate application capability. Spread width up to 36 meters. Built for high-volume lime, compound, and straight fertilizer applications on large farms.', 80000.00, 2020, '/images/machine_icon/bredal_k105.jpg', 13, 7),
	(38, 'Bredal K105', 'Trailed disc fertilizer spreader with approximately 10,500-liter hopper. Features twin-disc spreading system with hydraulic rate control. Spread width up to 30 meters. Suitable for medium-to-large farms requiring precise fertilizer placement with variable rate capability.', 30000.00, 2013, '/images/machine_icon/bredal_k165.jpg', 13, 7),
	(39, 'Amazone ZG-TS 10001', '10,000-liter trailed twin-disc fertilizer spreader. Features Amatron 4 ISOBUS terminal, ArgusTwin GPS border-spreading system, and hydraulic rate control from the cab. Spread width up to 54 meters. Designed for high-precision nutrient application with section control support.', 60000.00, 2018, '/images/machine_icon/amazone_zg_ts_10001.jpg', 13, 1),
	(40, 'Strautmann PS 3401', 'Large trailed solid manure spreader with approximately 34,000-liter capacity. Features twin horizontal beater spreading system for even distribution. Designed for high-volume organic manure application on large livestock and mixed farms. Robust chassis with tandem or tri-axle configuration.', 140000.00, 2018, '/images/machine_icon/strautmann_ps_3401.jpg', 14, 41),
	(41, 'Brantner TA 12050 Power Spread +', 'Trailed solid manure spreader with 12,000-liter capacity and Power Spread+ twin vertical beater system. Ensures wide, even spreading of straw-rich manures. Reinforced floor chain conveyor and heavy-duty steel body for demanding conditions on mixed farms.', 40000.00, 2012, '/images/machine_icon/brantner_ta_12050_power_spread.jpg', 14, 6),
	(42, 'Bergmann TSW 6240 S', 'Trailed solid manure spreader with 6,240-liter capacity. Features twin horizontal or vertical spreading beaters and hydraulic rate control. Compact, maneuverable design suited for smaller livestock farms and paddock-scale organic matter application.', 80000.00, 2019, '/images/machine_icon/bergmann_tsw_6240s.jpg', 14, 4),
	(43, 'Zunhammer ULT 24', '24,000-liter trailed slurry tanker with umbilical or direct application capability. Features low-disturbance injection coulter options, high-capacity pump, and ISOBUS integration. Designed for nutrient-efficient liquid manure application with minimal ammonia loss.', 40000.00, 2015, '/images/machine_icon/zunhammer_ult_24.jpg', 15, 50),
	(44, 'Veenhuis Premium Integral 20000', '20,000-liter trailed slurry tanker with integrated injection boom. Features low-emission trailing shoe or injector coulter application heads, load cell weighing, and precision rate control. Designed for sustainable slurry application with ISOBUS and variable rate support.', 100000.00, 2017, '/images/machine_icon/veenhuis_premium_integral_20000.jpg', 15, 45),
	(45, 'Samson PG II 35', '35,000-liter trailed slurry tanker for high-volume organic liquid application. Features centrifugal or vacuum pump filling, wide spreading boom options, and GPS section control. Built for large-scale livestock farms with high slurry output volumes.', 200000.00, 2020, '/images/machine_icon/samson_pg_ii_35.jpg', 15, 39),
	(46, 'Kuhn GMD 8730-FF', '8.7-meter front-rear mounted disc mower conditioner combination. Features LIFT-CONTROL headstock and FreeFloat terrain-following system for each mower unit. Delivers wide swath mowing for high-output grass silage and hay operations.', 20000.00, 2018, '/images/machine_icon/kuhn_gmd_8730_ff.jpg', 16, 28),
	(47, 'Pottinger Novacat A10 Cross Flow', '10-meter mounted butterfly disc mower conditioner with Cross Flow swath management system. Features ACTIVE Float terrain following, conditioning rollers, and swath width/placement control. Optimized for rapid drying with large working width.', 60000.00, 2024, '/images/machine_icon/pottinger_novacat_a_10_cross_flow.jpg', 16, 36),
	(48, 'Kongskilde GXT 13005 P', '13-meter disc mower conditioner with 5-section boom design. High-output machine for large grassland farms and contractors. Features conditioning system, hydraulic float adjustment, and wide swath deposit for fast wilting.', 150000.00, 2025, '/images/machine_icon/kongskilde_gxt_13005_p.jpg', 16, 30),
	(49, 'Pottinger HIT 16.18 T', '16-rotor trailed tedder with 18-meter working width. Features freely swinging tine arms for gentle, low-loss forage tedding. Hydraulic folding and rotor height adjustment from tractor cab. Suitable for high-output tedding on large grassland or silage farms.', 35000.00, 2020, '/images/machine_icon/pottinger_hit_16.18_t.jpg', 17, 36),
	(50, 'Pottinger Alpinhit 4.4 H', '4-rotor mounted tedder with 4.4-meter working width. Designed for small to medium grassland farms and hillside conditions. Lightweight, compact design with simple mechanical operation and robust tine arms.', 4000.00, 2017, '/images/machine_icon/pottinger_alpinhit_4.4_h.jpg', 17, 36),
	(51, 'Kuhn GF 8712', '8.7-meter trailed rotary tedder with 8 rotors. Features adjustable tine angle, hydraulic folding, and wide swath output. Suitable for silage and hay production on medium-to-large grassland farms. Compatible with ISOBUS or standard hydraulic control.', 13000.00, 2020, '/images/machine_icon/kuhn_gf_8712.jpg', 17, 28),
	(52, 'Kuhn GA 13131', '13.1-meter twin-rotor trailed swath rake. Features large-diameter rotors with free-floating tine arms for gentle raking and minimal leaf loss. Hydraulic swath width and placement control. Suitable for high-output hay and silage raking on large grassland farms.', 55000.00, 2025, '/images/machine_icon/kuhn_ga_13131.jpg', 18, 28),
	(53, 'Claas Liner 4900 Business', '4-rotor tandem rake with approximately 9-meter working width. Features LINER pendulum axle for even ground pressure and gentle forage handling. Suitable for grass silage, hay, and straw raking on medium-to-large farms. Hydraulic folding for road transport.', 80000.00, 2025, '/images/machine_icon/claas_liner_4900_business.jpg', 18, 11),
	(54, 'Krone Swadro TS 970', '9.7-meter twin-rotor swath rake. Features large-diameter rotors with individually mounted tine arms. Provides clean, fluffy swath formation with minimal soil contamination. Available with optional headland management system for autonomous turning.', 30000.00, 2023, '/images/machine_icon/krone_swadro_ts_970.jpg', 18, 27),
	(55, 'Massey Ferguson MF 2370 Ultra HD', 'Large square baler producing high-density bales (approx. 120x90 cm cross-section). Features Ultra HD double-acting plunger system, crop cutting rotor, and ISOBUS connectivity with MF Fieldstar management system. Designed for maximum bale density in straw, hay, and silage crops.', 180000.00, 2025, '/images/machine_icon/massey_ferguson_empacadora_2370_ultra_hd.jpg', 19, 33),
	(56, 'Fendt Squadra 1290 N UD', 'Large square baler with 120x90 cm bale format and Ultra Density (UD) pre-compression chamber. Features variable flake control, ISOBUS automation, and Fendt advanced plunger-flywheel design. Produces extremely dense bales for efficient transport and storage.', 180000.00, 2025, '/images/machine_icon/fendt_squadra_1290_n_ud.jpg', 19, 13),
	(57, 'New Holland BigBaler 1290 High Density', 'Large square baler with 120x90 cm format and High Density pre-compression system. Features IntelliSteer auto-guidance baler, IntelliRate crop intake management, and BiG Baler Pro connectivity. Designed for high-throughput straw, hay, and haylage operations.', 150000.00, 2024, '/images/machine_icon/new_holland_bigbaler_1290_high_density.jpg', 19, 35),
	(58, 'Kuhn VB 3190', 'Variable chamber round baler producing bales up to 190 cm diameter. Features continuous intake system, optional net or film wrapping, and iXter B ISOBUS controller. Suitable for hay, straw, and haylage with flexible bale size adjustment.', 50000.00, 2020, '/images/machine_icon/kuhn_vb_3190.jpg', 20, 28),
	(59, 'Claas Rollant 455 RC Uniwrap', 'Variable chamber round baler-wrapper combination. Produces bales up to 155 cm diameter and wraps in-line without transferring bales to a separate wrapper. Features CLAAS CRUISE PILOT automatic intake management and ISOBUS integration. Ideal for high-output silage production.', 75000.00, 2019, '/images/machine_icon/claas_rollant_455_rc_uniwrap.jpg', 20, 11),
	(60, 'Massey Ferguson MF RB 4160V Protec', 'Variable chamber round baler with bale diameter up to 160 cm. Features Protec rubber bale chamber for gentle crop handling, net or film wrap options, and DataConnect ISOBUS system. Suited for hay, straw, and haylage baling on medium-to-large farms.', 90000.00, 2024, '/images/machine_icon/massey_ferguson_mf_rb_4160v_protec.jpg', 20, 33),
	(61, 'Nardi N70-40', 'Grain auger with 70 mm tube diameter and approximately 12-meter (40 ft) length. Powered by PTO or electric motor. Suitable for filling grain bins, trailers, and drying floors. Standard screw conveyor design for cereals, rapeseed, and legumes.', 10000.00, 2015, '/images/machine_icon/nardi_n70_40.jpg', 21, 34),
	(62, 'Nardi N40B', 'Compact grain auger with 40 mm tube diameter. Short, lightweight unit for small-scale grain transfer from trailers or bags into storage. Ideal for small farms or supplementary use alongside larger handling equipment.', 4000.00, 2015, '/images/machine_icon/nardi_n40b.jpg', 21, 34),
	(63, 'Nardi N60-35', 'Grain auger with 60 mm tube diameter and approximately 10.5-meter (35 ft) length. Mid-size unit suitable for filling grain stores and drying equipment. PTO-driven with folding hopper for compact transport and storage.', 6000.00, 2015, '/images/machine_icon/nardi_n60_35.jpg', 21, 34);

-- Dumping structure for table database_agro_shop.manufacturer
CREATE TABLE IF NOT EXISTS `manufacturer` (
  `manufacturer_id` int(20) unsigned NOT NULL AUTO_INCREMENT,
  `name` varchar(50) NOT NULL,
  `made_in` varchar(50) NOT NULL,
  `logo` varchar(255) NOT NULL,
  PRIMARY KEY (`manufacturer_id`)
) ENGINE=InnoDB AUTO_INCREMENT=82 DEFAULT CHARSET=utf8 COLLATE=utf8_unicode_ci;

-- Dumping data for table database_agro_shop.manufacturer: ~50 rows (approximately)
INSERT INTO `manufacturer` (`manufacturer_id`, `name`, `made_in`, `logo`) VALUES
	(1, 'Amazone', 'Germany', '/images/manufacturer/amazone.jpg'),
	(2, 'Agrisem', 'Ukraine', '/images/manufacturer/agrisem.jpg'),
	(3, 'Agromasz', 'Poland', '/images/manufacturer/agromasz.jpg'),
	(4, 'Bergmann', 'Germany', '/images/manufacturer/bergmann.jpg'),
	(5, 'Berthoud', 'France', '/images/manufacturer/berthoud.jpg'),
	(6, 'Brantner', 'Austria', '/images/manufacturer/brantner.jpg'),
	(7, 'Bredal', 'Denmark', '/images/manufacturer/bredal.jpg'),
	(8, 'Capello', 'Italy', '/images/manufacturer/capello.jpg'),
	(9, 'Case IH', 'USA', '/images/manufacturer/case_ih.jpg'),
	(10, 'Challenger', 'USA', '/images/manufacturer/challenger.jpg'),
	(11, 'Claas', 'Germany', '/images/manufacturer/claas.jpg'),
	(12, 'Deutz-Fahr', 'Germany', '/images/manufacturer/deutz_fahr.jpg'),
	(13, 'Fendt', 'Germany', '/images/manufacturer/fendt.jpg'),
	(14, 'Farmtech', 'Slovenia', '/images/manufacturer/farmtech.jpg'),
	(15, 'Fliegl', 'Germany', '/images/manufacturer/fliegl.jpg'),
	(16, 'Farmet', 'Czech Republic', '/images/manufacturer/farmet.jpg'),
	(17, 'Grimme', 'Germany', '/images/manufacturer/grimme.jpg'),
	(18, 'Hardi', 'Denmark', '/images/manufacturer/hardi.jpg'),
	(19, 'Hawe', 'Germany', '/images/manufacturer/hawe.jpg'),
	(20, 'Horsch', 'Germany', '/images/manufacturer/horsch.jpg'),
	(21, 'JCB', 'Great Britain', '/images/manufacturer/jcb.jpg'),
	(22, 'John Deere', 'USA', '/images/manufacturer/john_deere.jpg'),
	(23, 'Kinze Manufacturing', 'USA', '/images/manufacturer/kinze_manufacturing.jpg'),
	(24, 'Kockerling', 'Germany', '/images/manufacturer/kockerling.jpg'),
	(25, 'Krampe Fahrzeugbau', 'Germany', '/images/manufacturer/krampe_fahrzeugbau.jpg'),
	(26, 'Kroger Fahrzeugbau', 'Germany', '/images/manufacturer/kroger_fahrzeugbau.jpg'),
	(27, 'Krone', 'Germany', '/images/manufacturer/krone.jpg'),
	(28, 'Kuhn', 'France', '/images/manufacturer/kuhn.jpg'),
	(29, 'Kemper', 'Germany', '/images/manufacturer/kemper.jpg'),
	(30, 'Kongskilde', 'Denmark', '/images/manufacturer/kongskilde.jpg'),
	(31, 'Kverneland Group', 'Norway', '/images/manufacturer/kverneland_group.jpg'),
	(32, 'Lemken', 'Germany', '/images/manufacturer/lemken.jpg'),
	(33, 'Massey Ferguson', 'Canada', '/images/manufacturer/massey_ferguson.jpg'),
	(34, 'Nardi', 'Italy', '/images/manufacturer/nardi.jpg'),
	(35, 'New Holland', 'Italy', '/images/manufacturer/new_holland.jpg'),
	(36, 'Pottinger', 'Austria', '/images/manufacturer/pottinger.jpg'),
	(37, 'Rostselmash', 'Russia', '/images/manufacturer/rostselmash.jpg'),
	(38, 'Rudolph', 'Germany', '/images/manufacturer/rudolph.jpg'),
	(39, 'Samson Agro', 'Denmark', '/images/manufacturer/samson_agro.jpg'),
	(40, 'Steyr', 'Austria', '/images/manufacturer/steyr.jpg'),
	(41, 'Strautmann', 'Germany', '/images/manufacturer/strautmann.jpg'),
	(42, 'Samson Group', 'Denmark', '/images/manufacturer/samson_group.jpg'),
	(43, 'Sip', 'Slovenia', '/images/manufacturer/sip.jpg'),
	(44, 'Vaderstad', 'Sweden', '/images/manufacturer/vaderstad.jpg'),
	(45, 'Veenhuis', 'Netherlands', '/images/manufacturer/veenhuis.jpg'),
	(46, 'Valtra', 'Finland', '/images/manufacturer/valtra.jpg'),
	(47, 'Welger', 'Germany', '/images/manufacturer/welger.jpg'),
	(48, 'Zetor', 'Czech Republic', '/images/manufacturer/zetor.jpg'),
	(49, 'Ziegler', 'Germany', '/images/manufacturer/ziegler.jpg'),
	(50, 'Zunhammer', 'Germany', '/images/manufacturer/zunhammer.jpg');

-- Dumping structure for table database_agro_shop.picture
CREATE TABLE IF NOT EXISTS `picture` (
  `picture_id` int(20) unsigned NOT NULL AUTO_INCREMENT,
  `path` varchar(255) NOT NULL,
  `machine_id` int(20) unsigned NOT NULL,
  PRIMARY KEY (`picture_id`),
  KEY `fk_picture_machine_id` (`machine_id`),
  CONSTRAINT `fk_picture_machine_id` FOREIGN KEY (`machine_id`) REFERENCES `machine` (`machine_id`) ON UPDATE CASCADE
) ENGINE=InnoDB AUTO_INCREMENT=316 DEFAULT CHARSET=utf8 COLLATE=utf8_unicode_ci;

-- Dumping data for table database_agro_shop.picture: ~315 rows (approximately)
INSERT INTO `picture` (`picture_id`, `path`, `machine_id`) VALUES
	(1, '/images/machines/1.jpg', 1),
	(2, '/images/machines/2.jpg', 1),
	(3, '/images/machines/3.jpg', 1),
	(4, '/images/machines/4.jpg', 1),
	(5, '/images/machines/5.jpg', 1),
	(6, '/images/machines/6.jpg', 2),
	(7, '/images/machines/7.jpg', 2),
	(8, '/images/machines/8.jpg', 2),
	(9, '/images/machines/9.jpg', 2),
	(10, '/images/machines/10.jpg', 2),
	(11, '/images/machines/11.jpg', 3),
	(12, '/images/machines/12.jpg', 3),
	(13, '/images/machines/13.jpg', 3),
	(14, '/images/machines/14.jpg', 3),
	(15, '/images/machines/15.jpg', 3),
	(16, '/images/machines/16.jpg', 4),
	(17, '/images/machines/17.jpg', 4),
	(18, '/images/machines/18.jpg', 4),
	(19, '/images/machines/19.jpg', 4),
	(20, '/images/machines/20.jpg', 4),
	(21, '/images/machines/21.jpg', 5),
	(22, '/images/machines/22.jpg', 5),
	(23, '/images/machines/23.jpg', 5),
	(24, '/images/machines/24.jpg', 5),
	(25, '/images/machines/25.jpg', 5),
	(26, '/images/machines/26.jpg', 6),
	(27, '/images/machines/27.jpg', 6),
	(28, '/images/machines/28.jpg', 6),
	(29, '/images/machines/29.jpg', 6),
	(30, '/images/machines/30.jpg', 6),
	(31, '/images/machines/31.jpg', 7),
	(32, '/images/machines/32.jpg', 7),
	(33, '/images/machines/33.jpg', 7),
	(34, '/images/machines/34.jpg', 7),
	(35, '/images/machines/35.jpg', 7),
	(36, '/images/machines/36.jpg', 8),
	(37, '/images/machines/37.jpg', 8),
	(38, '/images/machines/38.jpg', 8),
	(39, '/images/machines/39.jpg', 8),
	(40, '/images/machines/40.jpg', 8),
	(41, '/images/machines/41.jpg', 9),
	(42, '/images/machines/42.jpg', 9),
	(43, '/images/machines/43.jpg', 9),
	(44, '/images/machines/44.jpg', 9),
	(45, '/images/machines/45.jpg', 9),
	(46, '/images/machines/46.jpg', 10),
	(47, '/images/machines/47.jpg', 10),
	(48, '/images/machines/48.jpg', 10),
	(49, '/images/machines/49.jpg', 10),
	(50, '/images/machines/50.jpg', 10),
	(51, '/images/machines/51.jpg', 11),
	(52, '/images/machines/52.jpg', 11),
	(53, '/images/machines/53.jpg', 11),
	(54, '/images/machines/54.jpg', 11),
	(55, '/images/machines/55.jpg', 11),
	(56, '/images/machines/56.jpg', 12),
	(57, '/images/machines/57.jpg', 12),
	(58, '/images/machines/58.jpg', 12),
	(59, '/images/machines/59.jpg', 12),
	(60, '/images/machines/60.jpg', 12),
	(61, '/images/machines/61.jpg', 13),
	(62, '/images/machines/62.jpg', 13),
	(63, '/images/machines/63.jpg', 13),
	(64, '/images/machines/64.jpg', 13),
	(65, '/images/machines/65.jpg', 13),
	(66, '/images/machines/66.jpg', 14),
	(67, '/images/machines/67.jpg', 14),
	(68, '/images/machines/68.jpg', 14),
	(69, '/images/machines/69.jpg', 14),
	(70, '/images/machines/70.jpg', 14),
	(71, '/images/machines/71.jpg', 15),
	(72, '/images/machines/72.jpg', 15),
	(73, '/images/machines/73.jpg', 15),
	(74, '/images/machines/74.jpg', 15),
	(75, '/images/machines/75.jpg', 15),
	(76, '/images/machines/76.jpg', 16),
	(77, '/images/machines/77.jpg', 16),
	(78, '/images/machines/78.jpg', 16),
	(79, '/images/machines/79.jpg', 16),
	(80, '/images/machines/80.jpg', 16),
	(81, '/images/machines/81.jpg', 17),
	(82, '/images/machines/82.jpg', 17),
	(83, '/images/machines/83.jpg', 17),
	(84, '/images/machines/84.jpg', 17),
	(85, '/images/machines/85.jpg', 17),
	(86, '/images/machines/86.jpg', 18),
	(87, '/images/machines/87.jpg', 18),
	(88, '/images/machines/88.jpg', 18),
	(89, '/images/machines/89.jpg', 18),
	(90, '/images/machines/90.jpg', 18),
	(91, '/images/machines/91.jpg', 19),
	(92, '/images/machines/92.jpg', 19),
	(93, '/images/machines/93.jpg', 19),
	(94, '/images/machines/94.jpg', 19),
	(95, '/images/machines/95.jpg', 19),
	(96, '/images/machines/96.jpg', 20),
	(97, '/images/machines/97.jpg', 20),
	(98, '/images/machines/98.jpg', 20),
	(99, '/images/machines/99.jpg', 20),
	(100, '/images/machines/100.jpg', 20),
	(101, '/images/machines/101.jpg', 21),
	(102, '/images/machines/102.jpg', 21),
	(103, '/images/machines/103.jpg', 21),
	(104, '/images/machines/104.jpg', 21),
	(105, '/images/machines/105.jpg', 21),
	(106, '/images/machines/106.jpg', 22),
	(107, '/images/machines/107.jpg', 22),
	(108, '/images/machines/108.jpg', 22),
	(109, '/images/machines/109.jpg', 22),
	(110, '/images/machines/110.jpg', 22),
	(111, '/images/machines/111.jpg', 23),
	(112, '/images/machines/112.jpg', 23),
	(113, '/images/machines/113.jpg', 23),
	(114, '/images/machines/114.jpg', 23),
	(115, '/images/machines/115.jpg', 23),
	(116, '/images/machines/116.jpg', 24),
	(117, '/images/machines/117.jpg', 24),
	(118, '/images/machines/118.jpg', 24),
	(119, '/images/machines/119.jpg', 24),
	(120, '/images/machines/120.jpg', 24),
	(121, '/images/machines/121.jpg', 25),
	(122, '/images/machines/122.jpg', 25),
	(123, '/images/machines/123.jpg', 25),
	(124, '/images/machines/124.jpg', 25),
	(125, '/images/machines/125.jpg', 25),
	(126, '/images/machines/126.jpg', 26),
	(127, '/images/machines/127.jpg', 26),
	(128, '/images/machines/128.jpg', 26),
	(129, '/images/machines/129.jpg', 26),
	(130, '/images/machines/130.jpg', 26),
	(131, '/images/machines/131.jpg', 27),
	(132, '/images/machines/132.jpg', 27),
	(133, '/images/machines/133.jpg', 27),
	(134, '/images/machines/134.jpg', 27),
	(135, '/images/machines/135.jpg', 27),
	(136, '/images/machines/136.jpg', 28),
	(137, '/images/machines/137.jpg', 28),
	(138, '/images/machines/138.jpg', 28),
	(139, '/images/machines/139.jpg', 28),
	(140, '/images/machines/140.jpg', 28),
	(141, '/images/machines/141.jpg', 29),
	(142, '/images/machines/142.jpg', 29),
	(143, '/images/machines/143.jpg', 29),
	(144, '/images/machines/144.jpg', 29),
	(145, '/images/machines/145.jpg', 29),
	(146, '/images/machines/146.jpg', 30),
	(147, '/images/machines/147.jpg', 30),
	(148, '/images/machines/148.jpg', 30),
	(149, '/images/machines/149.jpg', 30),
	(150, '/images/machines/150.jpg', 30),
	(151, '/images/machines/151.jpg', 31),
	(152, '/images/machines/152.jpg', 31),
	(153, '/images/machines/153.jpg', 31),
	(154, '/images/machines/154.jpg', 31),
	(155, '/images/machines/155.jpg', 31),
	(156, '/images/machines/156.jpg', 32),
	(157, '/images/machines/157.jpg', 32),
	(158, '/images/machines/158.jpg', 32),
	(159, '/images/machines/159.jpg', 32),
	(160, '/images/machines/160.jpg', 32),
	(161, '/images/machines/161.jpg', 33),
	(162, '/images/machines/162.jpg', 33),
	(163, '/images/machines/163.jpg', 33),
	(164, '/images/machines/164.jpg', 33),
	(165, '/images/machines/165.jpg', 33),
	(166, '/images/machines/166.jpg', 34),
	(167, '/images/machines/167.jpg', 34),
	(168, '/images/machines/168.jpg', 34),
	(169, '/images/machines/169.jpg', 34),
	(170, '/images/machines/170.jpg', 34),
	(171, '/images/machines/171.jpg', 35),
	(172, '/images/machines/172.jpg', 35),
	(173, '/images/machines/173.jpg', 35),
	(174, '/images/machines/174.jpg', 35),
	(175, '/images/machines/175.jpg', 35),
	(176, '/images/machines/176.jpg', 36),
	(177, '/images/machines/177.jpg', 36),
	(178, '/images/machines/178.jpg', 36),
	(179, '/images/machines/179.jpg', 36),
	(180, '/images/machines/180.jpg', 36),
	(181, '/images/machines/181.jpg', 37),
	(182, '/images/machines/182.jpg', 37),
	(183, '/images/machines/183.jpg', 37),
	(184, '/images/machines/184.jpg', 37),
	(185, '/images/machines/185.jpg', 37),
	(186, '/images/machines/186.jpg', 38),
	(187, '/images/machines/187.jpg', 38),
	(188, '/images/machines/188.jpg', 38),
	(189, '/images/machines/189.jpg', 38),
	(190, '/images/machines/190.jpg', 38),
	(191, '/images/machines/191.jpg', 39),
	(192, '/images/machines/192.jpg', 39),
	(193, '/images/machines/193.jpg', 39),
	(194, '/images/machines/194.jpg', 39),
	(195, '/images/machines/195.jpg', 39),
	(196, '/images/machines/196.jpg', 40),
	(197, '/images/machines/197.jpg', 40),
	(198, '/images/machines/198.jpg', 40),
	(199, '/images/machines/199.jpg', 40),
	(200, '/images/machines/200.jpg', 40),
	(201, '/images/machines/201.jpg', 41),
	(202, '/images/machines/202.jpg', 41),
	(203, '/images/machines/203.jpg', 41),
	(204, '/images/machines/204.jpg', 41),
	(205, '/images/machines/205.jpg', 41),
	(206, '/images/machines/206.jpg', 42),
	(207, '/images/machines/207.jpg', 42),
	(208, '/images/machines/208.jpg', 42),
	(209, '/images/machines/209.jpg', 42),
	(210, '/images/machines/210.jpg', 42),
	(211, '/images/machines/211.jpg', 43),
	(212, '/images/machines/212.jpg', 43),
	(213, '/images/machines/213.jpg', 43),
	(214, '/images/machines/214.jpg', 43),
	(215, '/images/machines/215.jpg', 43),
	(216, '/images/machines/216.jpg', 44),
	(217, '/images/machines/217.jpg', 44),
	(218, '/images/machines/218.jpg', 44),
	(219, '/images/machines/219.jpg', 44),
	(220, '/images/machines/220.jpg', 44),
	(221, '/images/machines/221.jpg', 45),
	(222, '/images/machines/222.jpg', 45),
	(223, '/images/machines/223.jpg', 45),
	(224, '/images/machines/224.jpg', 45),
	(225, '/images/machines/225.jpg', 45),
	(226, '/images/machines/226.jpg', 46),
	(227, '/images/machines/227.jpg', 46),
	(228, '/images/machines/228.jpg', 46),
	(229, '/images/machines/229.jpg', 46),
	(230, '/images/machines/230.jpg', 46),
	(231, '/images/machines/231.jpg', 47),
	(232, '/images/machines/232.jpg', 47),
	(233, '/images/machines/233.jpg', 47),
	(234, '/images/machines/234.jpg', 47),
	(235, '/images/machines/235.jpg', 47),
	(236, '/images/machines/236.jpg', 48),
	(237, '/images/machines/237.jpg', 48),
	(238, '/images/machines/238.jpg', 48),
	(239, '/images/machines/239.jpg', 48),
	(240, '/images/machines/240.jpg', 48),
	(241, '/images/machines/241.jpg', 49),
	(242, '/images/machines/242.jpg', 49),
	(243, '/images/machines/243.jpg', 49),
	(244, '/images/machines/244.jpg', 49),
	(245, '/images/machines/245.jpg', 49),
	(246, '/images/machines/246.jpg', 50),
	(247, '/images/machines/247.jpg', 50),
	(248, '/images/machines/248.jpg', 50),
	(249, '/images/machines/249.jpg', 50),
	(250, '/images/machines/250.jpg', 50),
	(251, '/images/machines/251.jpg', 51),
	(252, '/images/machines/252.jpg', 51),
	(253, '/images/machines/253.jpg', 51),
	(254, '/images/machines/254.jpg', 51),
	(255, '/images/machines/255.jpg', 51),
	(256, '/images/machines/256.jpg', 52),
	(257, '/images/machines/257.jpg', 52),
	(258, '/images/machines/258.jpg', 52),
	(259, '/images/machines/259.jpg', 52),
	(260, '/images/machines/260.jpg', 52),
	(261, '/images/machines/261.jpg', 53),
	(262, '/images/machines/262.jpg', 53),
	(263, '/images/machines/263.jpg', 53),
	(264, '/images/machines/264.jpg', 53),
	(265, '/images/machines/265.jpg', 53),
	(266, '/images/machines/266.jpg', 54),
	(267, '/images/machines/267.jpg', 54),
	(268, '/images/machines/268.jpg', 54),
	(269, '/images/machines/269.jpg', 54),
	(270, '/images/machines/270.jpg', 54),
	(271, '/images/machines/271.jpg', 55),
	(272, '/images/machines/272.jpg', 55),
	(273, '/images/machines/273.jpg', 55),
	(274, '/images/machines/274.jpg', 55),
	(275, '/images/machines/275.jpg', 55),
	(276, '/images/machines/276.jpg', 56),
	(277, '/images/machines/277.jpg', 56),
	(278, '/images/machines/278.jpg', 56),
	(279, '/images/machines/279.jpg', 56),
	(280, '/images/machines/280.jpg', 56),
	(281, '/images/machines/281.jpg', 57),
	(282, '/images/machines/282.jpg', 57),
	(283, '/images/machines/283.jpg', 57),
	(284, '/images/machines/284.jpg', 57),
	(285, '/images/machines/285.jpg', 57),
	(286, '/images/machines/286.jpg', 58),
	(287, '/images/machines/287.jpg', 58),
	(288, '/images/machines/288.jpg', 58),
	(289, '/images/machines/289.jpg', 58),
	(290, '/images/machines/290.jpg', 58),
	(291, '/images/machines/291.jpg', 59),
	(292, '/images/machines/292.jpg', 59),
	(293, '/images/machines/293.jpg', 59),
	(294, '/images/machines/294.jpg', 59),
	(295, '/images/machines/295.jpg', 59),
	(296, '/images/machines/296.jpg', 60),
	(297, '/images/machines/297.jpg', 60),
	(298, '/images/machines/298.jpg', 60),
	(299, '/images/machines/299.jpg', 60),
	(300, '/images/machines/300.jpg', 60),
	(301, '/images/machines/301.jpg', 61),
	(302, '/images/machines/302.jpg', 61),
	(303, '/images/machines/303.jpg', 61),
	(304, '/images/machines/304.jpg', 61),
	(305, '/images/machines/305.jpg', 61),
	(306, '/images/machines/306.jpg', 62),
	(307, '/images/machines/307.jpg', 62),
	(308, '/images/machines/308.jpg', 62),
	(309, '/images/machines/309.jpg', 62),
	(310, '/images/machines/310.jpg', 62),
	(311, '/images/machines/311.jpg', 63),
	(312, '/images/machines/312.jpg', 63),
	(313, '/images/machines/313.jpg', 63),
	(314, '/images/machines/314.jpg', 63),
	(315, '/images/machines/315.jpg', 63);

-- Dumping structure for table database_agro_shop.specification
CREATE TABLE IF NOT EXISTS `specification` (
  `specification_id` int(20) unsigned NOT NULL AUTO_INCREMENT,
  `name` varchar(50) NOT NULL,
  `value` varchar(50) NOT NULL,
  `machine_id` int(20) unsigned NOT NULL,
  PRIMARY KEY (`specification_id`),
  KEY `fk_specification_machine_id` (`machine_id`),
  CONSTRAINT `fk_specification_machine_id` FOREIGN KEY (`machine_id`) REFERENCES `machine` (`machine_id`) ON UPDATE CASCADE
) ENGINE=InnoDB AUTO_INCREMENT=369 DEFAULT CHARSET=utf8 COLLATE=utf8_unicode_ci;

-- Dumping data for table database_agro_shop.specification: ~368 rows (approximately)
INSERT INTO `specification` (`specification_id`, `name`, `value`, `machine_id`) VALUES
	(1, 'Engine Power', '370 hp', 1),
	(2, 'Engine Displacement', '9.0 L', 1),
	(3, 'Cylinders', '6', 1),
	(4, 'Transmission', 'Dyna-VT CVT', 1),
	(5, 'Max Speed', '50 km/h', 1),
	(6, 'Hydraulic Flow', '170 L/min', 1),
	(7, 'Rear Lift Capacity', '12,500 kg', 1),
	(8, 'Operating Weight', '14,100 kg', 1),
	(9, 'Engine Power', '156 hp', 2),
	(10, 'Engine', 'MAN 6-cylinder', 2),
	(11, 'Cylinders', '6', 2),
	(12, 'Transmission', 'Fendt Vario CVT', 2),
	(13, 'Max Speed', '50 km/h', 2),
	(14, 'Hydraulic Flow', '115 L/min', 2),
	(15, 'Rear Lift Capacity', '7,800 kg', 2),
	(16, 'Operating Weight', '6,800 kg', 2),
	(17, 'Engine Power', '340 hp', 3),
	(18, 'Engine Displacement', '9.0 L', 3),
	(19, 'Cylinders', '6', 3),
	(20, 'Transmission', 'e23 PowerShift / IVT', 3),
	(21, 'Max Speed', '50 km/h', 3),
	(22, 'Hydraulic Flow', '230 L/min', 3),
	(23, 'Rear Lift Capacity', '10,530 kg', 3),
	(24, 'Operating Weight', '13,900 kg', 3),
	(25, 'Engine Power', '575 hp', 4),
	(26, 'Engine Brand', 'FPT', 4),
	(27, 'Threshing System', 'Dual Rotor Axial-Flow', 4),
	(28, 'Grain Tank Capacity', '14,200 L', 4),
	(29, 'Unloading Rate', '140 L/s', 4),
	(30, 'Cylinders', '6', 4),
	(31, 'Crop Types', 'Wheat, corn, soya', 4),
	(32, 'Engine Power', '490 hp', 5),
	(33, 'Engine Brand', 'Mercedes-Benz', 5),
	(34, 'Threshing System', 'APS + 2x ROTO PLUS', 5),
	(35, 'Grain Tank Capacity', '12,000 L', 5),
	(36, 'Unloading Rate', '105 L/s', 5),
	(37, 'Crop Types', 'Wheat, rapeseed, corn', 5),
	(38, 'Engine Power', '380 hp', 6),
	(39, 'Engine Brand', 'AGCO Power', 6),
	(40, 'Threshing System', 'Rotary', 6),
	(41, 'Grain Tank Capacity', '10,000 L', 6),
	(42, 'Unloading Rate', '90 L/s', 6),
	(43, 'Crop Types', 'Cereals, rapeseed, corn', 6),
	(44, 'Engine Power', '630 hp', 7),
	(45, 'Engine', 'V8 Mercedes-Benz', 7),
	(46, 'Cutterhead', 'XDisc 630', 7),
	(47, 'Number of Blades', '40', 7),
	(48, 'Chop Length Range', '4–19 mm', 7),
	(49, 'Feed Width', '800 mm', 7),
	(50, 'Crop Types', 'Grass, corn, cereals', 7),
	(51, 'Engine Power', '598 hp', 8),
	(52, 'Engine', 'Mercedes-Benz OM 502 LA V8', 8),
	(53, 'Chop Length Range', '4–19 mm', 8),
	(54, 'Metal Detection', 'Yes', 8),
	(55, 'Drive', 'Hydrostatic', 8),
	(56, 'Crop Types', 'Grass silage, corn', 8),
	(57, 'Engine Power', '700+ hp', 9),
	(58, 'Engine', 'V12 Mercedes-Benz', 9),
	(59, 'Cylinders', '12', 9),
	(60, 'Chop Length Range', '4–19 mm', 9),
	(61, 'Crop Types', 'Grass, corn, cereals', 9),
	(62, 'Axles', '3', 10),
	(63, 'Payload Capacity', '30,000 kg', 10),
	(64, 'Volume', '30,000 L', 10),
	(65, 'Tipping System', 'Hydraulic', 10),
	(66, 'Frame Material', 'High-tensile steel', 10),
	(67, 'Optional Equipment', 'Scale system', 10),
	(68, 'Axles', '2', 11),
	(69, 'Payload Capacity', '28,000 kg', 11),
	(70, 'Axle Configuration', 'Tandem', 11),
	(71, 'Tipping System', 'Hydraulic', 11),
	(72, 'Bulk Types', 'Grain, beet, bulk', 11),
	(73, 'Axles', '3', 12),
	(74, 'Volume', '23,000 L', 12),
	(75, 'Payload Capacity', '18,000 kg', 12),
	(76, 'Tipping System', 'Hydraulic', 12),
	(77, 'Special Feature', 'Power Push+ rear wall', 12),
	(78, 'Bulk Types', 'Grain, rapeseed, fertilizer', 12),
	(79, 'Working Width', '12.2 m', 13),
	(80, 'Working Width (ft)', '40 ft', 13),
	(81, 'Header Type', 'Flexible Draper', 13),
	(82, 'Feed System', 'PowerFlow', 13),
	(83, 'Cutting Height', 'Adjustable', 13),
	(84, 'Crop Types', 'Wheat, barley, soya', 13),
	(85, 'Working Width', '12 m', 14),
	(86, 'Number of Rows', '8+', 14),
	(87, 'Crop Type', 'Sunflower', 14),
	(88, 'Gathering System', 'Stripper plates', 14),
	(89, 'Feed System', 'Cross auger', 14),
	(90, 'Compatibility', 'Multi-brand adapter', 14),
	(91, 'Working Width', '12.5 m', 15),
	(92, 'Working Width (ft)', '41 ft', 15),
	(93, 'Float System', 'TerraFlex independent', 15),
	(94, 'Crop Types', 'Soya, small grains', 15),
	(95, 'Sections', 'Independent float', 15),
	(96, 'Number of Rows', '8', 16),
	(97, 'Row Spacing', '75 cm', 16),
	(98, 'Stalk Chopper', 'Integrated', 16),
	(99, 'Folding', 'Road transport fold', 16),
	(100, 'Drive Type', 'Mechanical', 16),
	(101, 'Crop Type', 'Corn', 16),
	(102, 'Number of Rows', '8', 17),
	(103, 'Row Spacing', 'Adjustable', 17),
	(104, 'Drive', 'Heavy-duty gearbox', 17),
	(105, 'Crop Type', 'Corn', 17),
	(106, 'Condition Suitability', 'High-moisture corn', 17),
	(107, 'Number of Rows', '5', 18),
	(108, 'Row Spacing', '75 cm', 18),
	(109, 'Feed System', 'Cross auger', 18),
	(110, 'Crop Type', 'Corn', 18),
	(111, 'Type', 'Entry-level', 18),
	(112, 'Plow Type', 'Reversible disc plow', 19),
	(113, 'Mounting', 'Semi-mounted', 19),
	(114, 'Soil Inversion', 'Minimal', 19),
	(115, 'Tillage System', 'Reduced / direct', 19),
	(116, 'Working Depth', 'up to 25 cm', 19),
	(117, 'Disc Configuration', 'Multi-disc angled', 19),
	(118, 'Plow Type', 'Reversible mouldboard', 20),
	(119, 'Mounting', 'Semi-mounted', 20),
	(120, 'Furrow Width Adjust', 'Mechanical', 20),
	(121, 'Required Power', 'Medium HP tractors', 20),
	(122, 'Working Depth', 'up to 35 cm', 20),
	(123, 'Bodies', 'Replaceable mouldboards', 20),
	(124, 'Plow Type', 'Reversible mouldboard', 21),
	(125, 'Max Furrows', '18', 21),
	(126, 'Mounting', 'Semi-mounted', 21),
	(127, 'Furrow Width Adjust', 'Hydraulic', 21),
	(128, 'Required Power', '300+ hp', 21),
	(129, 'Stone Protection', 'Per body', 21),
	(130, 'Working Depth', 'Variable, hydraulic', 21),
	(131, 'Working Width', '10 m', 22),
	(132, 'Type', 'Trailed disc harrow', 22),
	(133, 'Disc Arrangement', 'Twin-axle', 22),
	(134, 'Depth Control', 'Hydraulic', 22),
	(135, 'Disc Diameter', '560 mm', 22),
	(136, 'Application', 'Primary tillage, stubble', 22),
	(137, 'Working Width', '9.1 m (30 ft)', 23),
	(138, 'Type', 'Trailed disc ripper', 23),
	(139, 'Front Gang', 'Coulter blades', 23),
	(140, 'Rear Gang', 'Finishing discs', 23),
	(141, 'Function', 'Compaction layer break', 23),
	(142, 'Working Width', '4.75 m', 24),
	(143, 'Type', 'Mounted disc harrow', 24),
	(144, 'Max Operating Speed', '15 km/h', 24),
	(145, 'Disc Type', 'Concave notched', 24),
	(146, 'Disc Arrangement', 'Twin-row', 24),
	(147, 'Rear Roller', 'Packer roller', 24),
	(148, 'Working Width', '15.7 m', 25),
	(149, 'Type', 'Trailed stubble cultivator', 25),
	(150, 'Working Elements', 'Discs, tines, roller', 25),
	(151, 'Folding', 'Hydraulic', 25),
	(152, 'Application', 'Post-harvest cultivation', 25),
	(153, 'Working Width', '4 m', 26),
	(154, 'Type', 'Mounted cultivator', 26),
	(155, 'Tine Type', 'Spring-tine', 26),
	(156, 'Working Depth', 'up to 12 cm', 26),
	(157, 'Rear Equipment', 'Leveling board', 26),
	(158, 'Working Width', '5.7–8 m', 27),
	(159, 'Type', 'Trailed stubble cultivator', 27),
	(160, 'Tine Type', 'Angled, sweep points', 27),
	(161, 'Function', 'Straw-stubble mixing', 27),
	(162, 'Rear Roller', 'Multiple options', 27),
	(163, 'Working Width', '4 m', 28),
	(164, 'Type', 'Mounted subsoiler', 28),
	(165, 'Working Depth', 'up to 40 cm', 28),
	(166, 'Tine Count', '3–5', 28),
	(167, 'Tine Type', 'Rigid or spring-release', 28),
	(168, 'Optional', 'Front disc coulters', 28),
	(169, 'Working Width', '4 m', 29),
	(170, 'Type', 'Combination subsoiler', 29),
	(171, 'Subsoiler Legs', 'Winged', 29),
	(172, 'Surface Leveling', 'Rear disc / tine', 29),
	(173, 'System', 'Minimum tillage', 29),
	(174, 'Function', 'Deep decompaction', 29),
	(175, 'Working Width', '3 m', 30),
	(176, 'Type', 'Mounted subsoiler', 30),
	(177, 'Working Depth', '35–50 cm', 30),
	(178, 'Leg Protection', 'Auto-Reset', 30),
	(179, 'Tip Material', 'Tungsten', 30),
	(180, 'Optional', 'Front disc coulters', 30),
	(181, 'Working Width', '15 m', 31),
	(182, 'Type', 'Trailed combination drill', 31),
	(183, 'Seed Distribution', 'Pneumatic', 31),
	(184, 'Hopper Type', 'Large central hopper', 31),
	(185, 'Monitoring', 'AMALOG+', 31),
	(186, 'Connectivity', 'ISOBUS', 31),
	(187, 'Crop Types', 'Cereals, rapeseed, cover crops', 31),
	(188, 'Working Width', '8 m', 32),
	(189, 'Type', 'Trailed seed drill', 32),
	(190, 'Coulter Type', 'RDA disc aggressive', 32),
	(191, 'Residue Cutting', 'CrossCutter disc', 32),
	(192, 'Hopper', 'Twin (seed + fertilizer)', 32),
	(193, 'Connectivity', 'ISOBUS section control', 32),
	(194, 'Working Width', '3 m', 33),
	(195, 'Type', 'Power harrow + drill', 33),
	(196, 'Tillage Unit', 'KG 3001 rotary tiller', 33),
	(197, 'Seeding Unit', 'Centaya 3000', 33),
	(198, 'Field Passes', 'Single pass', 33),
	(199, 'Crop Types', 'Cereals, beet, vegetables', 33),
	(200, 'Tank Capacity', '1,200 L', 34),
	(201, 'Boom Width', '12–15 m', 34),
	(202, 'Type', 'Trailed sprayer', 34),
	(203, 'Boom Operation', 'Manual', 34),
	(204, 'Chemical Inductor', 'Yes', 34),
	(205, 'Hand-wash Tank', 'Yes', 34),
	(206, 'Tank Capacity', '4,500 L', 35),
	(207, 'Boom Width', 'up to 28 m', 35),
	(208, 'Type', 'Trailed sprayer', 35),
	(209, 'Nozzle Control', 'Delta Force individual', 35),
	(210, 'Boom Height Control', 'Auto-Trim', 35),
	(211, 'Connectivity', 'ISOBUS', 35),
	(212, 'Tank Capacity', '4,300 L', 36),
	(213, 'Boom Width', 'up to 36 m', 36),
	(214, 'Type', 'Self-propelled', 36),
	(215, 'GPS Section Control', 'Yes', 36),
	(216, 'Boom Height Control', 'AutoBoom', 36),
	(217, 'Ground Pressure', 'Low pressure tires', 36),
	(218, 'Clearance', 'High clearance', 36),
	(219, 'Hopper Capacity', '16,500 L', 37),
	(220, 'Spread Width', 'up to 36 m', 37),
	(221, 'Mechanism', 'Twin-disc', 37),
	(222, 'Rate Control', 'GPS variable rate', 37),
	(223, 'Type', 'Trailed', 37),
	(224, 'Materials', 'Lime, compound, straight', 37),
	(225, 'Hopper Capacity', '10,500 L', 38),
	(226, 'Spread Width', 'up to 30 m', 38),
	(227, 'Mechanism', 'Twin-disc', 38),
	(228, 'Rate Control', 'Hydraulic', 38),
	(229, 'Type', 'Trailed', 38),
	(230, 'Hopper Capacity', '10,000 L', 39),
	(231, 'Spread Width', 'up to 54 m', 39),
	(232, 'Mechanism', 'Twin-disc', 39),
	(233, 'Terminal', 'Amatron 4 ISOBUS', 39),
	(234, 'Border Spreading', 'ArgusTwin GPS', 39),
	(235, 'Rate Control', 'Hydraulic from cab', 39),
	(236, 'Type', 'Trailed', 39),
	(237, 'Capacity', '34,000 L', 40),
	(238, 'Spreading System', 'Twin horizontal beaters', 40),
	(239, 'Type', 'Trailed', 40),
	(240, 'Axle Config', 'Tandem or tri-axle', 40),
	(241, 'Application', 'High-volume organic manure', 40),
	(242, 'Capacity', '12,000 L', 41),
	(243, 'Spreading System', 'Twin vertical beaters', 41),
	(244, 'Type', 'Trailed', 41),
	(245, 'Floor Conveyor', 'Reinforced chain', 41),
	(246, 'Body Material', 'Heavy-duty steel', 41),
	(247, 'Capacity', '6,240 L', 42),
	(248, 'Spreading System', 'Twin beaters', 42),
	(249, 'Rate Control', 'Hydraulic', 42),
	(250, 'Type', 'Trailed', 42),
	(251, 'Design', 'Compact, maneuverable', 42),
	(252, 'Tank Capacity', '24,000 L', 43),
	(253, 'Application Type', 'Umbilical or direct', 43),
	(254, 'Type', 'Trailed', 43),
	(255, 'Pump', 'High-capacity', 43),
	(256, 'Connectivity', 'ISOBUS', 43),
	(257, 'Application Head', 'Injection coulters', 43),
	(258, 'Tank Capacity', '20,000 L', 44),
	(259, 'Application Type', 'Trailing shoe / injector', 44),
	(260, 'Type', 'Trailed', 44),
	(261, 'Weighing System', 'Load cell', 44),
	(262, 'Rate Control', 'Precision variable', 44),
	(263, 'Connectivity', 'ISOBUS', 44),
	(264, 'Tank Capacity', '35,000 L', 45),
	(265, 'Pump Type', 'Centrifugal or vacuum', 45),
	(266, 'Type', 'Trailed', 45),
	(267, 'Boom Type', 'Wide spreading boom', 45),
	(268, 'GPS Section Control', 'Yes', 45),
	(269, 'Working Width', '8.7 m', 46),
	(270, 'Type', 'Front-rear disc mower', 46),
	(271, 'Conditioning', 'Disc conditioner', 46),
	(272, 'Float System', 'FreeFloat per unit', 46),
	(273, 'Headstock', 'LIFT-CONTROL', 46),
	(274, 'Working Width', '10 m', 47),
	(275, 'Type', 'Butterfly disc mower', 47),
	(276, 'Float System', 'ACTIVE Float', 47),
	(277, 'Conditioning', 'Rollers', 47),
	(278, 'Swath Management', 'Cross Flow system', 47),
	(279, 'Working Width', '13 m', 48),
	(280, 'Type', 'Disc mower conditioner', 48),
	(281, 'Sections', '5-section boom', 48),
	(282, 'Float Adjustment', 'Hydraulic', 48),
	(283, 'Swath Output', 'Wide for fast wilting', 48),
	(284, 'Number of Rotors', '16', 49),
	(285, 'Working Width', '18 m', 49),
	(286, 'Type', 'Trailed tedder', 49),
	(287, 'Tine Arms', 'Freely swinging', 49),
	(288, 'Folding', 'Hydraulic', 49),
	(289, 'Height Adjustment', 'From cab', 49),
	(290, 'Number of Rotors', '4', 50),
	(291, 'Working Width', '4.4 m', 50),
	(292, 'Type', 'Mounted tedder', 50),
	(293, 'Operation', 'Mechanical', 50),
	(294, 'Design', 'Compact, lightweight', 50),
	(295, 'Suitable For', 'Hillside conditions', 50),
	(296, 'Number of Rotors', '8', 51),
	(297, 'Working Width', '8.7 m', 51),
	(298, 'Type', 'Trailed rotary tedder', 51),
	(299, 'Tine Angle', 'Adjustable', 51),
	(300, 'Folding', 'Hydraulic', 51),
	(301, 'Connectivity', 'ISOBUS / hydraulic', 51),
	(302, 'Working Width', '13.1 m', 52),
	(303, 'Number of Rotors', '2', 52),
	(304, 'Type', 'Trailed swath rake', 52),
	(305, 'Tine Arms', 'Free-floating', 52),
	(306, 'Swath Width Control', 'Hydraulic', 52),
	(307, 'Application', 'Hay and silage', 52),
	(308, 'Number of Rotors', '4', 53),
	(309, 'Working Width', '9 m', 53),
	(310, 'Type', 'Tandem rake', 53),
	(311, 'Axle Type', 'LINER pendulum axle', 53),
	(312, 'Folding', 'Hydraulic', 53),
	(313, 'Application', 'Grass, hay, straw', 53),
	(314, 'Working Width', '9.7 m', 54),
	(315, 'Number of Rotors', '2', 54),
	(316, 'Type', 'Swath rake', 54),
	(317, 'Tine Arms', 'Individually mounted', 54),
	(318, 'Swath Quality', 'Clean, fluffy swath', 54),
	(319, 'Bale Width', '120 cm', 55),
	(320, 'Bale Height', '90 cm', 55),
	(321, 'Type', 'Large square baler', 55),
	(322, 'Plunger System', 'Ultra HD double-acting', 55),
	(323, 'Crop Intake', 'Cutting rotor', 55),
	(324, 'Connectivity', 'ISOBUS / MF Fieldstar', 55),
	(325, 'Crop Types', 'Straw, hay, silage', 55),
	(326, 'Bale Width', '120 cm', 56),
	(327, 'Bale Height', '90 cm', 56),
	(328, 'Type', 'Large square baler', 56),
	(329, 'Density System', 'Ultra Density (UD)', 56),
	(330, 'Flake Control', 'Variable', 56),
	(331, 'Connectivity', 'ISOBUS', 56),
	(332, 'Bale Width', '120 cm', 57),
	(333, 'Bale Height', '90 cm', 57),
	(334, 'Type', 'Large square baler', 57),
	(335, 'Density System', 'High Density pre-compression', 57),
	(336, 'Connectivity', 'ISOBUS / BiG Baler Pro', 57),
	(337, 'Guidance', 'IntelliSteer auto', 57),
	(338, 'Max Bale Diameter', '190 cm', 58),
	(339, 'Chamber Type', 'Variable chamber', 58),
	(340, 'Wrapping Options', 'Net or film', 58),
	(341, 'Intake', 'Continuous system', 58),
	(342, 'Connectivity', 'iXter B ISOBUS', 58),
	(343, 'Max Bale Diameter', '155 cm', 59),
	(344, 'Chamber Type', 'Variable chamber', 59),
	(345, 'Wrapping', 'Inline, no transfer', 59),
	(346, 'Intake Management', 'CRUISE PILOT', 59),
	(347, 'Connectivity', 'ISOBUS', 59),
	(348, 'Application', 'Silage production', 59),
	(349, 'Max Bale Diameter', '160 cm', 60),
	(350, 'Chamber Type', 'Variable chamber', 60),
	(351, 'Chamber Material', 'Protec rubber', 60),
	(352, 'Wrapping Options', 'Net or film', 60),
	(353, 'Connectivity', 'DataConnect ISOBUS', 60),
	(354, 'Tube Diameter', '70 mm', 61),
	(355, 'Length', '12 m (40 ft)', 61),
	(356, 'Drive Type', 'PTO or electric', 61),
	(357, 'Crop Types', 'Cereals, rapeseed, legumes', 61),
	(358, 'Capacity', '40 t/h (approx.)', 61),
	(359, 'Tube Diameter', '40 mm', 62),
	(360, 'Type', 'Compact grain auger', 62),
	(361, 'Drive Type', 'PTO or electric', 62),
	(362, 'Application', 'Small-scale grain transfer', 62),
	(363, 'Design', 'Lightweight', 62),
	(364, 'Tube Diameter', '60 mm', 63),
	(365, 'Length', '10.5 m (35 ft)', 63),
	(366, 'Drive Type', 'PTO', 63),
	(367, 'Application', 'Grain stores, drying', 63),
	(368, 'Hopper', 'Folding hopper', 63);

/*!40103 SET TIME_ZONE=IFNULL(@OLD_TIME_ZONE, 'system') */;
/*!40101 SET SQL_MODE=IFNULL(@OLD_SQL_MODE, '') */;
/*!40014 SET FOREIGN_KEY_CHECKS=IFNULL(@OLD_FOREIGN_KEY_CHECKS, 1) */;
/*!40101 SET CHARACTER_SET_CLIENT=@OLD_CHARACTER_SET_CLIENT */;
/*!40111 SET SQL_NOTES=IFNULL(@OLD_SQL_NOTES, 1) */;
